Número de Ticket,Status,Destino,Humedad,Temperatura,Temperatura Minima,Temperatura Máxima,Presión Atmosférica
0,Petición completada,canada,70,290.72,289.26,293.71,70
1,Petición no completada,ny,undefined,undefined,undefined,undefined,undefined
2,Petición completada,ciudad sandino,88,299.15,299.15,299.15,88
3,Petición completada,jinxiu,77,290.05,290.05,290.05,77
4,Petición completada,ash shuhada,87,292.71,292.71,292.71,87
5,Petición completada,zhongzhai,85,284.42,284.42,284.42,85
6,Petición completada,foundiougne,75,301.42,301.42,301.42,75
7,Petición completada,sekongkang bawah,62,302.15,302.15,302.15,62
8,Petición completada,nangalisan,75,297.98,297.98,297.98,75
9,Petición completada,nankou,59,295.89,295.89,295.89,59
10,Petición no completada,maiami,undefined,undefined,undefined,undefined,undefined
11,Petición completada,san rafael del sur,88,299.15,299.15,299.15,88
12,Petición completada,vicente guerrero,65,285.43,285.43,285.43,65
13,Petición completada,chemerivtsi,93,287.59,287.59,287.59,93
14,Petición completada,ordynskoye,95,271.5,271.5,271.5,95
15,Petición completada,yashalta,76,282.79,282.79,282.79,76
16,Petición completada,polevskoy,85,265.15,265.15,265.15,85
17,Petición completada,krasnogorskiy,94,272.09,272.09,272.09,94
18,Petición completada,ifo,94,298.15,298.15,298.15,94
19,Petición completada,amiens,100,285.51,284.82,286.48,100
20,Petición completada,tororo,81,291.01,291.01,291.01,81
21,Petición completada,cabinda,81,297.47,297.47,297.47,81
22,Petición completada,kilifi,90,296.94,296.94,296.94,90
23,Petición completada,banyo,91,290.69,290.69,290.69,91
24,Petición completada,kotlovka,50,286.22,285.15,287.04,50
25,Petición completada,kopstal,93,282.67,282.04,283.71,93
26,Petición completada,putukrejo,63,300,300,300,63
27,Petición completada,xitieshan,49,278.89,278.89,278.89,49
28,Petición completada,dagupan,77,301.38,301.38,301.38,77
29,Petición completada,las flores,88,292.62,291.48,294.26,88
30,Petición completada,hobaramachi,95,287.34,287.04,287.59,95
31,Petición completada,chayek,63,278.58,278.58,278.58,63
32,Petición completada,inabaan sur,68,302.28,302.28,302.28,68
33,Petición completada,eskilstuna,87,284.68,284.26,285.15,87
34,Petición completada,vailoatai,83,301.15,301.15,301.15,83
35,Petición completada,cungking,66,300.79,300.79,300.79,66
36,Petición completada,montlucon,88,285.37,285.37,285.37,88
37,Petición completada,ali al gharbi,21,294.97,294.97,294.97,21
38,Petición completada,kelburn,46,285.52,285.15,285.93,46
39,Petición completada,miami,74,301.56,300.93,302.15,74
40,Petición completada,yanagawa,56,294.95,294.15,296.48,56
41,Petición completada,san pedro,79,301.8,301.48,302.15,79
42,Petición completada,vyshhorod,100,288.7,288.15,289.26,100
43,Petición completada,sydney,45,300.42,299.82,302.15,45
44,Petición completada,mukhen,49,284.47,284.47,284.47,49
45,Petición completada,jiexiu,49,287.14,287.14,287.14,49
46,Petición completada,shimorskoye,63,281.68,281.68,281.68,63
47,Petición completada,shorapani,48,290.15,290.15,290.15,48
48,Petición completada,paratinga,30,299.45,299.45,299.45,30
49,Petición completada,faisalabad,22,297.39,297.39,297.39,22
50,Petición completada,chum phae,94,295.02,295.02,295.02,94
51,Petición completada,macayug,69,302.84,302.84,302.84,69
52,Petición no completada,portez,undefined,undefined,undefined,undefined,undefined
53,Petición completada,changning,66,284.97,284.97,284.97,66
54,Petición completada,kalipucang,75,299.83,299.83,299.83,75
55,Petición completada,habil al jabr,54,299.51,299.51,299.51,54
56,Petición completada,montpellier,76,285.15,285.15,285.15,76
57,Petición completada,la soledad,75,305.15,305.15,305.15,75
58,Petición no completada,onueke,undefined,undefined,undefined,undefined,undefined
59,Petición completada,wulin,50,285.47,285.47,285.47,50
60,Petición completada,pehcevo,88,288.15,288.15,288.15,88
61,Petición completada,sosnovyy bor,87,285.78,285.37,286.15,87
62,Petición completada,fengjia,62,294.06,294.06,294.06,62
63,Petición completada,barisal,81,301.24,301.24,301.24,81
64,Petición completada,algoz,72,292.15,292.15,292.15,72
65,Petición completada,heshan,75,292.48,292.48,292.48,75
66,Petición completada,pas pul,76,276,276,276,76
67,Petición completada,dafeng,65,292.8,292.8,292.8,65
68,Petición completada,rada,32,288.22,288.22,288.22,32
69,Petición completada,osorno,76,283.15,283.15,283.15,76
70,Petición completada,dawang,76,287.5,287.15,287.59,76
71,Petición completada,bokat,76,301.01,301.01,301.01,76
72,Petición completada,qarawul,36,285.38,285.38,285.38,36
73,Petición completada,farshut,23,298.34,298.15,299.15,23
74,Petición completada,latowicz,100,284.37,281.15,285.93,100
75,Petición no completada,kbenhavn,undefined,undefined,undefined,undefined,undefined
76,Petición completada,montes claros,31,301.07,301.07,301.07,31
77,Petición completada,shiguai,50,285.64,285.64,285.64,50
78,Petición completada,kabakovo,92,272.15,272.15,272.15,92
79,Petición completada,bandaran,54,303.66,303.66,303.66,54
80,Petición completada,mengxi,83,288.16,288.16,288.16,83
81,Petición completada,chitcani,93,292.15,292.15,292.15,93
82,Petición completada,pakembangan,59,301.35,301.35,301.35,59
83,Petición completada,las lajas,58,280.36,280.36,280.36,58
84,Petición completada,zomba,91,287.81,287.81,287.81,91
85,Petición completada,itsandra,78,298.07,298.07,298.07,78
86,Petición completada,pasirangin tiga,67,299.95,299.95,299.95,67
87,Petición completada,nema,86,279.33,279.33,279.33,86
88,Petición completada,xudat,72,285.54,285.54,285.54,72
89,Petición completada,kelishad va sudarjan,42,282.15,282.15,282.15,42
90,Petición completada,huayan,84,289.96,289.96,289.96,84
91,Petición completada,west end,77,301.13,301.13,301.13,77
92,Petición completada,wincrange,61,282.06,281.48,282.59,61
93,Petición completada,san pedro,79,301.8,301.48,302.15,79
94,Petición no completada,roissy charlesdegaulle,undefined,undefined,undefined,undefined,undefined
95,Petición completada,loma bonita,99,298.51,295.93,300.93,99
96,Petición completada,navashino,62,282.05,282.05,282.05,62
97,Petición no completada,tanenofunan,undefined,undefined,undefined,undefined,undefined
98,Petición completada,pio,74,302.15,302.15,302.15,74
99,Petición completada,bazarak,45,281.15,281.15,281.15,45
100,Petición completada,stara hut,99,283.17,282.04,283.71,99
101,Petición completada,brongkalan,52,304.16,304.16,304.16,52
102,Petición completada,kavadarci,93,289.74,289.15,290.37,93
103,Petición completada,mehtar lam,28,294.96,294.96,294.96,28
104,Petición completada,bassano,48,282.59,282.59,282.59,48
105,Petición no completada,laoliangcang,undefined,undefined,undefined,undefined,undefined
106,Petición completada,gaotian,60,295.15,295.15,295.15,60
107,Petición no completada,sarulla,undefined,undefined,undefined,undefined,undefined
108,Petición completada,bokino,57,280.69,280.69,280.69,57
109,Petición no completada,goim,undefined,undefined,undefined,undefined,undefined
110,Petición completada,balice,87,284.2,283.71,284.82,87
111,Petición no completada,damemarie,undefined,undefined,undefined,undefined,undefined
112,Petición completada,kizlyar,69,286.14,286.14,286.14,69
113,Petición completada,pankshin,92,290.17,290.17,290.17,92
114,Petición completada,kigoma,63,298.05,298.05,298.05,63
115,Petición completada,pakalongan,65,300.51,300.51,300.51,65
116,Petición completada,huanggu,65,293.6,293.6,293.6,65
117,Petición no completada,dungkek laok,undefined,undefined,undefined,undefined,undefined
118,Petición completada,dimitrovgrad,100,279.15,279.15,279.15,100
119,Petición completada,brisbane,50,299.6,297.04,302.04,50
120,Petición completada,huyunxiang,70,293.32,293.32,293.32,70
121,Petición completada,banyuurip,53,302.94,302.94,302.94,53
122,Petición completada,esquina,81,288.54,288.54,288.54,81
123,Petición no completada,roissy charlesdegaulle,undefined,undefined,undefined,undefined,undefined
124,Petición completada,capacho nuevo,100,289.82,289.82,289.82,100
125,Petición completada,pavlogradka,97,271.6,271.6,271.6,97
126,Petición completada,jiblah,55,288.96,288.96,288.96,55
127,Petición completada,al jumayliyah,74,302.07,301.15,303.15,74
128,Petición completada,elele,95,296.33,296.33,296.33,95
129,Petición completada,de la paz,74,303.15,303.15,303.15,74
130,Petición completada,rennes,93,288.42,288.15,288.71,93
131,Petición completada,jermuk,82,275.11,275.11,275.11,82
132,Petición completada,tobias barreto,94,293.24,293.24,293.24,94
133,Petición completada,hatavch,55,284.19,284.19,284.19,55
134,Petición completada,el aioun,66,286.51,286.15,287.15,66
135,Petición completada,hvar,66,286.15,286.15,286.15,66
136,Petición completada,braganca paulista,65,300.01,298.15,302.15,65
137,Petición completada,tayyibat al imam,38,292.73,292.73,292.73,38
138,Petición no completada,goteborg,undefined,undefined,undefined,undefined,undefined
139,Petición no completada,leteki,undefined,undefined,undefined,undefined,undefined
140,Petición completada,morales,89,289.31,289.31,289.31,89
141,Petición completada,janikowo,93,283.6,283.15,284.15,93
142,Petición completada,ube,60,292.88,292.15,293.15,60
143,Petición completada,affery,98,295.26,295.26,295.26,98
144,Petición completada,gualeguay,81,287.02,287.02,287.02,81
145,Petición completada,little rock,88,291.82,290.93,292.59,88
146,Petición completada,gesik,54,303.18,303.18,303.18,54
147,Petición completada,arauca,94,296.8,296.8,296.8,94
148,Petición completada,bukal,94,298.15,298.15,298.15,94
149,Petición completada,neuville,87,283.9,283.71,284.26,87
150,Petición completada,kalian,62,303.15,303.15,303.15,62
151,Petición completada,yihe,63,295.35,295.35,295.35,63
152,Petición completada,maple ridge,84,289.26,287.04,291.48,84
153,Petición completada,castro barros,34,294.74,294.74,294.74,34
154,Petición completada,tempuran,55,302.74,302.74,302.74,55
155,Petición completada,karangduren dua,65,301.25,301.25,301.25,65
156,Petición completada,zaranj,17,290.15,290.15,290.15,17
157,Petición no completada,niutang,undefined,undefined,undefined,undefined,undefined
158,Petición completada,bulqize,93,285.15,285.15,285.15,93
159,Petición completada,ponong,84,300.62,300.62,300.62,84
160,Petición completada,seguela,99,294.41,294.41,294.41,99
161,Petición no completada,okayamashi,undefined,undefined,undefined,undefined,undefined
162,Petición completada,xylotymbou,78,295.67,295.15,296.15,78
163,Petición completada,lebyazhye,96,271.32,271.32,271.32,96
164,Petición completada,gaspar hernandez,88,298.15,298.15,298.15,88
165,Petición completada,santa cruz de tenerife,77,293.36,292.15,294.26,77
166,Petición no completada,challhuahuacho,undefined,undefined,undefined,undefined,undefined
167,Petición completada,donghai,68,298.15,298.15,298.15,68
168,Petición completada,kotkot,74,303.15,303.15,303.15,74
169,Petición completada,xilopolis,75,291.3,290.37,292.04,75
170,Petición completada,bunia,96,289.47,289.47,289.47,96
171,Petición completada,abyek,93,281.64,281.15,282.15,93
172,Petición completada,dallas,47,297.01,295.93,299.15,47
173,Petición completada,petrivka,94,293.15,293.15,293.15,94
174,Petición completada,nueve de julio,64,283.71,283.71,283.71,64
175,Petición completada,avia terai,57,294.69,294.69,294.69,57
176,Petición completada,vicente guerrero,65,285.43,285.43,285.43,65
177,Petición no completada,jianghu,undefined,undefined,undefined,undefined,undefined
178,Petición completada,ketitang wetan,57,303.16,303.16,303.16,57
179,Petición completada,ban nong wua so,83,297.09,297.04,297.15,83
180,Petición completada,gannan,51,282.59,282.59,282.59,51
181,Petición completada,dongao,83,299.98,299.98,299.98,83
182,Petición completada,lafayette,83,298.19,297.04,299.26,83
183,Petición completada,vila fria,82,291.59,290.93,292.59,82
184,Petición completada,perho,96,284.26,284.26,284.26,96
185,Petición no completada,jedung,undefined,undefined,undefined,undefined,undefined
186,Petición completada,patrang,57,302.21,302.21,302.21,57
187,Petición completada,ignacio zaragoza,34,287.59,287.59,287.59,34
188,Petición completada,dembi dolo,96,286.58,286.58,286.58,96
189,Petición completada,vilhelmina,81,282.15,282.15,282.15,81
190,Petición completada,sukumo,93,289.73,289.73,289.73,93
191,Petición completada,vitoria de santo antao,83,299.15,299.15,299.15,83
192,Petición completada,spodnja hajdina,100,279.03,278.15,280.93,100
193,Petición completada,nanchoc,59,295.02,295.02,295.02,59
194,Petición completada,nahiyat ali ash sharqi,20,295.34,295.34,295.34,20
195,Petición completada,recarei,97,288.73,288.15,289.26,97
196,Petición completada,repnoye,57,280.38,280.38,280.38,57
197,Petición completada,rizomilos,77,291.7,291.48,292.15,77
198,Petición completada,nanzhen,88,283.63,283.63,283.63,88
199,Petición no completada,aldeias de cima,undefined,undefined,undefined,undefined,undefined
200,Petición completada,jatiwangi,43,305.37,305.37,305.37,43
201,Petición completada,kavyli,10,290.93,290.93,290.93,10
202,Petición completada,embajador martini,42,284.46,284.46,284.46,42
203,Petición no completada,yilongyong,undefined,undefined,undefined,undefined,undefined
204,Petición completada,zator,87,282.7,282.04,284.15,87
205,Petición completada,jammal,60,294.72,294.26,295.15,60
206,Petición completada,lengkongjaya,62,298.88,298.88,298.88,62
207,Petición completada,qincheng,75,291.61,291.61,291.61,75
208,Petición completada,baisha,77,287.16,287.16,287.16,77
209,Petición completada,al khankah,94,296.03,295.93,296.15,94
210,Petición completada,santo antonio da charneca,93,290.01,289.15,290.93,93
211,Petición completada,koh kong,79,300.54,300.54,300.54,79
212,Petición completada,mataya,69,301.14,301.14,301.14,69
213,Petición completada,at samat,94,297.15,297.15,297.15,94
214,Petición completada,lijiaping,76,288.28,288.28,288.28,76
215,Petición completada,ano kopanakion,77,295.37,294.15,296.48,77
216,Petición no completada,chechenglu,undefined,undefined,undefined,undefined,undefined
217,Petición completada,saint augustine,94,296.79,295.93,297.15,94
218,Petición completada,marneuli,87,283.15,283.15,283.15,87
219,Petición completada,zihu,64,292.9,292.9,292.9,64
220,Petición completada,tazemmourt,82,291.15,291.15,291.15,82
221,Petición no completada,brandys nad labemstara boleslav,undefined,undefined,undefined,undefined,undefined
222,Petición completada,kandava,96,282.24,282.24,282.24,96
223,Petición completada,kireyevsk,48,284.03,284.03,284.03,48
224,Petición no completada,serra del rei,undefined,undefined,undefined,undefined,undefined
225,Petición completada,caxito,83,296.15,296.15,296.15,83
226,Petición completada,para de minas,50,296.95,296.95,296.95,50
227,Petición completada,chonogol,37,286.86,286.86,286.86,37
228,Petición no completada,casais de vera cruz,undefined,undefined,undefined,undefined,undefined
229,Petición completada,oshnaviyeh,66,284.15,284.15,284.15,66
230,Petición completada,carriedo,60,303.97,303.97,303.97,60
231,Petición completada,sines,8,289.26,289.26,289.26,8
232,Petición completada,louis trichardt,85,287.63,287.63,287.63,85
233,Petición completada,jamalpur,77,300.26,300.26,300.26,77
234,Petición completada,czerwonak,93,282.67,282.15,283.15,93
235,Petición no completada,kamennaobi,undefined,undefined,undefined,undefined,undefined
236,Petición completada,san gabriel,73,294.5,293.15,296.48,73
237,Petición completada,masindi,95,291.58,291.58,291.58,95
238,Petición completada,cairani,54,282.95,282.95,282.95,54
239,Petición no completada,lacmegantic,undefined,undefined,undefined,undefined,undefined
240,Petición completada,karangtengah,69,301,301,301,69
241,Petición no completada,miyazakishi,undefined,undefined,undefined,undefined,undefined
242,Petición completada,calango,74,298.94,298.94,298.94,74
243,Petición completada,dortmund,87,282.74,282.04,283.71,87
244,Petición completada,lloque,39,286.69,286.69,286.69,39
245,Petición completada,viljandi,93,285.27,284.26,285.93,93
246,Petición no completada,mbujimayi,undefined,undefined,undefined,undefined,undefined
247,Petición completada,whitwell,92,283.37,283.15,283.71,92
248,Petición completada,el corpus,87,294.23,294.23,294.23,87
249,Petición completada,roskoshnyy,99,287.66,287.66,287.66,99
250,Petición completada,kodinsk,90,274.42,274.42,274.42,90
251,Petición completada,qianying,58,289.47,289.47,289.47,58
252,Petición completada,lieksa,90,283.06,283.06,283.06,90
253,Petición completada,tangchi,36,293.51,293.51,293.51,36
254,Petición completada,nambak tengah,60,301.27,301.27,301.27,60
255,Petición completada,kanuma,93,288.15,288.15,288.15,93
256,Petición completada,changning,66,284.97,284.97,284.97,66
257,Petición completada,coroata,72,299.37,299.37,299.37,72
258,Petición completada,kertasari,67,298.95,298.95,298.95,67
259,Petición completada,santa iria de azoia,88,290.18,289.15,290.93,88
260,Petición no completada,anjepy,undefined,undefined,undefined,undefined,undefined
261,Petición no completada,wakduwa barat,undefined,undefined,undefined,undefined,undefined
262,Petición completada,tunja,96,281.47,281.47,281.47,96
263,Petición completada,itajuba,48,297.16,297.16,297.16,48
264,Petición completada,la serena,87,285.15,285.15,285.15,87
265,Petición completada,haitang,60,294.15,294.15,294.15,60
266,Petición completada,tome,71,284.15,284.15,284.15,71
267,Petición completada,kristianstad,93,284.62,283.71,285.15,93
268,Petición completada,gornji petrovci,82,279.27,278.71,279.82,82
269,Petición completada,jianshe,80,289,289,289,80
270,Petición completada,el coco,83,299.35,295.93,301.15,83
271,Petición completada,independencia,56,297.81,297.81,297.81,56
272,Petición completada,replot,93,284.21,284.15,284.26,93
273,Petición completada,hincesti,93,292.15,292.15,292.15,93
274,Petición completada,haarlem,87,284.49,283.71,284.82,87
275,Petición completada,zabrusany,93,283.51,282.59,284.26,93
276,Petición no completada,logovskoye,undefined,undefined,undefined,undefined,undefined
277,Petición completada,pingyang,58,295.6,295.6,295.6,58
278,Petición completada,tanjungampalu,81,297.46,297.46,297.46,81
279,Petición completada,mississauga,71,284.26,283.71,285.15,71
280,Petición completada,haukivuori,100,283.92,283.71,284.15,100
281,Petición completada,xinshi,65,290.31,290.31,290.31,65
282,Petición completada,la rochelle,93,289.15,289.15,289.15,93
283,Petición completada,budapest,87,284.84,284.15,285.37,87
284,Petición completada,brikama nding,84,299.25,299.25,299.25,84
285,Petición completada,kafarati,90,294.98,294.98,294.98,90
286,Petición completada,sao jose,93,292.35,292.35,292.35,93
287,Petición no completada,waiwukak,undefined,undefined,undefined,undefined,undefined
288,Petición completada,mlalo,93,294.18,294.18,294.18,93
289,Petición completada,hababah,39,285.2,285.2,285.2,39
290,Petición completada,ignalina,94,283.12,283.12,283.12,94
291,Petición completada,shuangjiang,79,286.46,286.46,286.46,79
292,Petición completada,badung,100,300.15,300.15,300.15,100
293,Petición completada,comandante luis piedra buena,51,281.72,281.72,281.72,51
294,Petición completada,inawashiro,100,286.96,286.15,287.59,100
295,Petición completada,matai,60,293.15,293.15,293.15,60
296,Petición completada,mniszkow,10,282.04,282.04,282.04,10
297,Petición completada,demuk,70,299.36,299.36,299.36,70
298,Petición completada,kota kinabalu,79,303.15,303.15,303.15,79
299,Petición completada,jiangfang,74,287.81,287.81,287.81,74
300,Petición completada,radoboj,100,280.6,278.15,283.15,100
301,Petición completada,mochishche,74,272.15,272.15,272.15,74
302,Petición completada,desa borogojol,69,296.98,296.98,296.98,69
303,Petición completada,nimes,76,283.95,283.71,284.15,76
304,Petición completada,la esperanza,51,290.98,289.26,292.04,51
305,Petición completada,polanka wielka,61,281.3,279.82,282.04,61
306,Petición completada,gulu,98,290.54,290.54,290.54,98
307,Petición completada,hashtpar,71,289.23,289.23,289.23,71
308,Petición completada,la cueva,56,287.64,287.64,287.64,56
309,Petición completada,linares,86,280.38,280.38,280.38,86
310,Petición completada,hassleholm,93,285.03,284.82,285.15,93
311,Petición completada,arnhem,93,283.5,282.59,284.26,93
312,Petición completada,pokrovka,59,278.14,278.14,278.14,59
313,Petición no completada,tmourghout,undefined,undefined,undefined,undefined,undefined
314,Petición completada,amirabad,63,294.82,294.82,294.82,63
315,Petición completada,kokkari,88,294.15,294.15,294.15,88
316,Petición completada,zhongying,81,285.26,285.26,285.26,81
317,Petición completada,guanlu,57,290.52,290.52,290.52,57
318,Petición completada,caicun,68,292.36,292.36,292.36,68
319,Petición completada,santa rosa,79,301.79,301.48,302.15,79
320,Petición no completada,sao martinho do campo,undefined,undefined,undefined,undefined,undefined
321,Petición completada,quime,66,283.49,283.49,283.49,66
322,Petición completada,wanju,48,293.63,292.15,295.15,48
323,Petición completada,rivera,89,286.61,286.61,286.61,89
324,Petición completada,barranquilla,94,297.15,297.15,297.15,94
325,Petición completada,uhniv,87,286.03,285.93,286.15,87
326,Petición completada,curuzu cuatia,84,288.03,288.03,288.03,84
327,Petición completada,quilino,31,295.46,295.46,295.46,31
328,Petición no completada,izingolweni,undefined,undefined,undefined,undefined,undefined
329,Petición completada,san juan de dios,100,291.78,290.93,293.15,100
330,Petición completada,ali al gharbi,21,294.97,294.97,294.97,21
331,Petición completada,anping,81,287,287,287,81
332,Petición completada,kotauneng,66,302.65,302.65,302.65,66
333,Petición completada,dukuhmencek lor,58,302.16,302.16,302.16,58
334,Petición completada,curumani,89,297.76,297.76,297.76,89
335,Petición completada,hisor,66,283.15,283.15,283.15,66
336,Petición completada,dolores,83,280.87,280.87,280.87,83
337,Petición completada,rio colorado,36,287.54,287.54,287.54,36
338,Petición completada,rio campo,100,297.15,297.15,297.15,100
339,Petición completada,stockholm,93,284.65,283.71,285.37,93
340,Petición completada,gomel,93,286.15,286.15,286.15,93
341,Petición no completada,phong ien,undefined,undefined,undefined,undefined,undefined
342,Petición no completada,zhangyelu,undefined,undefined,undefined,undefined,undefined
343,Petición completada,chengyang,48,296.65,296.65,296.65,48
344,Petición completada,vieksniai,89,285.37,285.37,285.37,89
345,Petición no completada,thi tran van ha,undefined,undefined,undefined,undefined,undefined
346,Petición completada,ambulong,79,300.83,298.15,302.15,79
347,Petición completada,antimacheia,69,297.15,297.15,297.15,69
348,Petición completada,al aziziyah,23,293.56,293.56,293.56,23
349,Petición completada,shimiaozi,55,290.5,290.5,290.5,55
350,Petición completada,belen,77,290.15,290.15,290.15,77
351,Petición no completada,yuanjue,undefined,undefined,undefined,undefined,undefined
352,Petición completada,kedungtulup,54,303.52,303.52,303.52,54
353,Petición completada,prizren,86,284.89,284.26,285.93,86
354,Petición completada,teplaya gora,93,270.88,270.88,270.88,93
355,Petición completada,mostek,90,281.11,280.93,281.48,90
356,Petición completada,gesikan,54,302.52,302.52,302.52,54
357,Petición completada,igarape miri,75,298.49,298.49,298.49,75
358,Petición completada,santa catalina,66,303.15,303.15,303.15,66
359,Petición completada,dubki,81,282.15,282.15,282.15,81
360,Petición completada,castelo,67,296.77,296.77,296.77,67
361,Petición completada,nikeh,47,282.05,282.05,282.05,47
362,Petición completada,pinggang,89,287.4,287.4,287.4,89
363,Petición completada,maluso,82,300.04,300.04,300.04,82
364,Petición no completada,sedinginan,undefined,undefined,undefined,undefined,undefined
365,Petición completada,altenberg bei linz,81,282.5,279.82,284.15,81
366,Petición completada,beishan,53,297.15,297.15,297.15,53
367,Petición completada,sendung,59,301.06,301.06,301.06,59
368,Petición completada,rochefort,93,289.15,289.15,289.15,93
369,Petición completada,yanshang,88,284.48,284.48,284.48,88
370,Petición no completada,gelatik,undefined,undefined,undefined,undefined,undefined
371,Petición completada,bonao,1,286.48,286.48,286.48,1
372,Petición completada,helsingborg,94,283.71,283.71,283.71,94
373,Petición completada,nangaroro,58,303.31,303.31,303.31,58
374,Petición completada,lagunas,65,299.19,299.19,299.19,65
375,Petición completada,la libertad,83,295.15,295.15,295.15,83
376,Petición completada,khon san,93,294.9,294.9,294.9,93
377,Petición completada,umanggudang,60,299.93,299.93,299.93,60
378,Petición completada,rubiataba,22,300.43,300.43,300.43,22
379,Petición no completada,saintquentinenyvelines,undefined,undefined,undefined,undefined,undefined
380,Petición no completada,phu cat,undefined,undefined,undefined,undefined,undefined
381,Petición completada,hajiganj,84,301.16,301.16,301.16,84
382,Petición completada,oitui,62,302.09,302.09,302.09,62
383,Petición completada,guotan,80,286.94,286.94,286.94,80
384,Petición completada,shuanggang,52,291.15,291.15,291.15,52
385,Petición completada,marieville,74,284.63,284.26,285.37,74
386,Petición completada,talisay,74,303.15,303.15,303.15,74
387,Petición completada,kawagoe,84,287.66,287.04,288.71,84
388,Petición completada,meniko,56,295.63,295.15,296.15,56
389,Petición completada,pergamino,53,286.36,284.26,287.59,53
390,Petición completada,diebougou,86,297,297,297,86
391,Petición completada,mariano moreno,50,281.36,281.36,281.36,50
392,Petición completada,carnot,95,292.9,292.9,292.9,95
393,Petición completada,cibunar,63,298.53,298.53,298.53,63
394,Petición completada,satsumasendai,88,293.15,293.15,293.15,88
395,Petición no completada,wangqingtuo,undefined,undefined,undefined,undefined,undefined
396,Petición no completada,qunsheng,undefined,undefined,undefined,undefined,undefined
397,Petición completada,bayan gol,50,289.17,289.17,289.17,50
398,Petición completada,envigado,93,287.36,285.93,289.15,93
399,Petición completada,pinas,70,292.14,292.14,292.14,70
400,Petición completada,walenrang,54,304.71,304.71,304.71,54
401,Petición completada,sergelen,58,279.87,279.87,279.87,58
402,Petición completada,badama,42,291.93,290.15,293.15,42
403,Petición completada,maripa,87,298.84,298.84,298.84,87
404,Petición completada,kiikala,96,285.01,284.82,285.37,96
405,Petición completada,gaoyu,59,293.23,291.48,295.37,59
406,Petición completada,kotovsk,99,289.02,289.02,289.02,99
407,Petición completada,the valley,83,300.81,300.37,301.15,83
408,Petición completada,pondokunyur,68,301.32,301.32,301.32,68
409,Petición completada,qiulu,54,296.61,296.61,296.61,54
410,Petición no completada,gostime,undefined,undefined,undefined,undefined,undefined
411,Petición completada,bello,93,287.49,285.93,289.15,93
412,Petición no completada,cerava,undefined,undefined,undefined,undefined,undefined
413,Petición completada,besisahar,45,297.67,297.67,297.67,45
414,Petición completada,krynychky,58,286.04,285.93,286.15,58
415,Petición no completada,les sablesdolonne,undefined,undefined,undefined,undefined,undefined
416,Petición no completada,smiowo,undefined,undefined,undefined,undefined,undefined
417,Petición completada,sidoaji,61,300.51,300.51,300.51,61
418,Petición completada,zheyuan,80,293.15,293.15,293.15,80
419,Petición no completada,tangguhang,undefined,undefined,undefined,undefined,undefined
420,Petición completada,sumurgung,58,302.94,302.94,302.94,58
421,Petición no completada,puan selatan,undefined,undefined,undefined,undefined,undefined
422,Petición completada,daegu,52,292.15,292.15,292.15,52
423,Petición completada,las matas de farfan,84,294.16,294.16,294.16,84
424,Petición completada,galaz,29,296.19,296.19,296.19,29
425,Petición completada,zaokskiy,45,285.5,285.5,285.5,45
426,Petición completada,saipan,79,303.26,302.15,304.15,79
427,Petición completada,grand rapids,66,282.92,280.93,285.15,66
428,Petición completada,sandovo,85,284.06,284.06,284.06,85
429,Petición completada,shanglu,72,292.24,292.24,292.24,72
430,Petición completada,lousado,100,288.06,286.15,289.26,100
431,Petición no completada,lamalewo,undefined,undefined,undefined,undefined,undefined
432,Petición completada,bomadi,95,296.84,296.84,296.84,95
433,Petición completada,ciervo petiso,57,295.54,295.54,295.54,57
434,Petición completada,bamban,74,302.15,302.15,302.15,74
435,Petición completada,gornyye klyuchi,55,287.26,287.26,287.26,55
436,Petición completada,kyaikto,77,301.17,301.17,301.17,77
437,Petición completada,tacoma,93,287.83,286.15,289.15,93
438,Petición completada,la lima,69,300.83,300.37,301.15,69
439,Petición no completada,feteira pequena,undefined,undefined,undefined,undefined,undefined
440,Petición completada,san miguel,94,296.67,296.67,296.67,94
441,Petición completada,liaozhong,52,292.15,292.15,292.15,52
442,Petición completada,kiupo,62,303.15,303.15,303.15,62
443,Petición completada,vyshneye dolgoye,54,283.33,283.33,283.33,54
444,Petición completada,gaplokan,55,302.99,302.99,302.99,55
445,Petición completada,gorican,99,279.85,278.71,280.93,99
446,Petición completada,marmande,92,285.67,284.82,287.04,92
447,Petición completada,raszczyce,91,282.41,281.48,283.15,91
448,Petición completada,aibura,74,300.52,300.52,300.52,74
449,Petición completada,jankowice,61,281.3,279.82,282.04,61
450,Petición completada,nanjia,50,288.81,288.81,288.81,50
451,Petición completada,junqueiro,96,294.05,294.05,294.05,96
452,Petición completada,hannover,93,283.93,283.15,284.26,93
453,Petición completada,cibingbin,53,303.38,303.38,303.38,53
454,Petición no completada,buliu,undefined,undefined,undefined,undefined,undefined
455,Petición completada,vrbas,87,285.15,285.15,285.15,87
456,Petición completada,chambas,74,301.15,301.15,301.15,74
457,Petición completada,san andres,94,299.15,299.15,299.15,94
458,Petición completada,shahin shahr,42,282.15,282.15,282.15,42
459,Petición completada,chester,45,290.41,289.82,291.15,45
460,Petición completada,datarkadu,72,299.37,299.37,299.37,72
461,Petición completada,staryy cherek,100,277.64,277.15,278.15,100
462,Petición completada,suraabad,87,284.15,284.15,284.15,87
463,Petición completada,aurelliana,83,300.57,300.57,300.57,83
464,Petición no completada,thi tran que,undefined,undefined,undefined,undefined,undefined
465,Petición completada,la massana,85,281.22,280.37,282.04,85
466,Petición completada,bystra,3,279.59,277.59,282.04,3
467,Petición completada,sangesi,81,286.53,286.53,286.53,81
468,Petición completada,szekesfehervar,76,284.63,284.26,284.82,76
469,Petición completada,jishui,59,292.31,292.31,292.31,59
470,Petición completada,lichtenburg,75,287.81,287.81,287.81,75
471,Petición completada,guangyi,61,299.15,299.15,299.15,61
472,Petición completada,cibetung dua,63,303.31,303.31,303.31,63
473,Petición completada,semenivka,76,286.42,286.42,286.42,76
474,Petición completada,guadalupe,57,297.62,297.15,298.15,57
475,Petición completada,sabinopolis,68,295.06,295.06,295.06,68
476,Petición completada,sambirata,56,302.86,302.86,302.86,56
477,Petición completada,al hammamat,56,293.77,293.15,294.26,56
478,Petición completada,artimet,57,284.15,284.15,284.15,57
479,Petición completada,jiaoziya,85,286.34,286.34,286.34,85
480,Petición completada,telbang,72,302.29,302.29,302.29,72
481,Petición completada,molsheim,93,282.55,282.04,283.15,93
482,Petición completada,corralillo,87,299.36,299.36,299.36,87
483,Petición completada,nsukka,94,298.15,298.15,298.15,94
484,Petición no completada,krajan alastengah,undefined,undefined,undefined,undefined,undefined
485,Petición completada,sadkowice,99,282.63,282.04,283.15,99
486,Petición completada,pushkino,44,287.09,287.04,287.15,44
487,Petición completada,kupahandap,63,302.87,302.87,302.87,63
488,Petición no completada,noebana,undefined,undefined,undefined,undefined,undefined
489,Petición no completada,karangpocok,undefined,undefined,undefined,undefined,undefined
490,Petición completada,beringinjaya,63,302.8,302.8,302.8,63
491,Petición completada,banfora,89,296.59,296.59,296.59,89
492,Petición completada,guotan,80,286.94,286.94,286.94,80
493,Petición completada,kranuan,88,297.15,297.15,297.15,88
494,Petición completada,chiclayo,84,290.35,290.35,290.35,84
495,Petición completada,morant bay,78,299.25,298.15,300.15,78
496,Petición completada,miejsce piastowe,98,283.15,283.15,283.15,98
497,Petición completada,guataqui,62,300.05,300.05,300.05,62
498,Petición completada,novomyshastovskaya,71,284.66,283.15,285.93,71
499,Petición completada,aimin,72,291.1,291.1,291.1,72
500,Petición completada,comodoro rivadavia,48,287.15,287.15,287.15,48
501,Petición completada,xujia,76,291.57,291.57,291.57,76
502,Petición completada,dakhla,72,295.68,295.68,295.68,72
503,Petición completada,zangzhai,40,286.12,286.12,286.12,40
504,Petición completada,angkahgede,88,301.15,301.15,301.15,88
505,Petición completada,feyzabad,35,283.4,283.4,283.4,35
506,Petición completada,santa cruz mulua,97,291.38,289.26,293.15,97
507,Petición completada,envigado,93,287.36,285.93,289.15,93
508,Petición completada,el carmen de bolivar,94,297.58,297.58,297.58,94
509,Petición completada,pulosari,60,301.59,301.59,301.59,60
510,Petición no completada,xuri,undefined,undefined,undefined,undefined,undefined
511,Petición completada,cill airne,92,284.09,284.09,284.09,92
512,Petición completada,chaos,93,284.06,283.71,284.26,93
513,Petición completada,marda,49,294.61,294.15,295.37,49
514,Petición completada,madur,70,299.93,299.93,299.93,70
515,Petición completada,shukat as sufi,78,292.17,292.17,292.17,78
516,Petición completada,bulusari,60,301.65,301.65,301.65,60
517,Petición completada,kajanan,88,301.15,301.15,301.15,88
518,Petición completada,maroa,63,291.17,290.93,291.48,63
519,Petición completada,espana,78,300.81,300.81,300.81,78
520,Petición no completada,krajan gading,undefined,undefined,undefined,undefined,undefined
521,Petición completada,pano polemidia,64,297.15,297.15,297.15,64
522,Petición completada,radostowice,97,282.72,281.48,284.26,97
523,Petición completada,gataivai,94,300.15,300.15,300.15,94
524,Petición completada,dongping,83,286.82,286.82,286.82,83
525,Petición completada,marka,89,298.71,298.71,298.71,89
526,Petición completada,beverwijk,72,284.82,284.26,285.37,72
527,Petición no completada,froson,undefined,undefined,undefined,undefined,undefined
528,Petición completada,medeiros neto,78,296.84,296.84,296.84,78
529,Petición completada,quatre bornes,83,296.32,296.15,296.48,83
530,Petición completada,manaus,83,300.17,299.15,301.15,83
531,Petición completada,guapimirim,83,297.65,297.15,298.15,83
532,Petición completada,medanos,52,282.13,282.13,282.13,52
533,Petición completada,lidu,75,292.81,292.81,292.81,75
534,Petición completada,parchal,72,290.62,289.26,292.15,72
535,Petición completada,konyshevka,61,282.15,282.15,282.15,61
536,Petición completada,umea,100,283.96,283.71,284.15,100
537,Petición completada,maagnas,82,301.13,301.13,301.13,82
538,Petición completada,sergelen,58,279.87,279.87,279.87,58
539,Petición completada,canela,95,288.01,286.48,290.93,95
540,Petición completada,yugang,58,297.04,297.04,297.04,58
541,Petición completada,anlu,65,291.03,291.03,291.03,65
542,Petición completada,chinoz,46,280.15,280.15,280.15,46
543,Petición completada,hluhluwe,85,290.91,290.91,290.91,85
544,Petición completada,itabaiana,74,299.15,299.15,299.15,74
545,Petición completada,menggala,66,302.35,302.35,302.35,66
546,Petición completada,sobang,69,301.25,301.25,301.25,69
547,Petición no completada,tombatu,undefined,undefined,undefined,undefined,undefined
548,Petición no completada,wilfrido loor moreira,undefined,undefined,undefined,undefined,undefined
549,Petición completada,pokrov,52,283.89,283.89,283.89,52
550,Petición completada,kebon,50,305.57,305.57,305.57,50
551,Petición completada,sanli,75,292.8,292.8,292.8,75
552,Petición completada,fengpo,78,299.15,299.15,299.15,78
553,Petición completada,roma,76,284.48,283.71,285.15,76
554,Petición completada,dauphin,70,279.15,279.15,279.15,70
555,Petición completada,narino,100,287.82,287.59,288.15,100
556,Petición completada,tobetsu,67,289.22,288.15,289.82,67
557,Petición completada,orange,73,292.56,291.48,294.15,73
558,Petición completada,solkan,92,282.3,281.48,283.15,92
559,Petición completada,santo antonio de posse,40,303.15,303.15,303.15,40
560,Petición completada,los fresnos,78,298.46,297.59,299.82,78
561,Petición completada,zhenjiang,59,295.93,295.93,295.93,59
562,Petición completada,firavitoba,77,283.58,283.58,283.58,77
563,Petición completada,koysinceq,32,294.15,294.15,294.15,32
564,Petición no completada,llauta,undefined,undefined,undefined,undefined,undefined
565,Petición completada,kendalrejo,75,299.58,299.58,299.58,75
566,Petición completada,al marj,53,294.09,294.09,294.09,53
567,Petición completada,tenggong,64,300.73,300.73,300.73,64
568,Petición completada,eindhoven,93,283.31,283.15,283.71,93
569,Petición no completada,tajikeabati,undefined,undefined,undefined,undefined,undefined
570,Petición completada,canmang,84,286.82,286.82,286.82,84
571,Petición completada,baisha,77,287.16,287.16,287.16,77
572,Petición completada,kvasice,92,283.15,283.15,283.15,92
573,Petición completada,chrzanow,89,282.54,282.04,283.71,89
574,Petición no completada,kilmez,undefined,undefined,undefined,undefined,undefined
575,Petición no completada,dewetsdorp,undefined,undefined,undefined,undefined,undefined
576,Petición completada,dicun,63,294.1,294.1,294.1,63
577,Petición completada,vyshhorod,100,288.7,288.15,289.26,100
578,Petición completada,cauayan,78,300.9,300.9,300.9,78
579,Petición completada,runaway bay,78,299.19,298.15,300.15,78
580,Petición completada,tours,93,287.15,287.15,287.15,93
581,Petición completada,dzuunbulag,44,283.39,283.39,283.39,44
582,Petición completada,stare juchy,93,282.45,282.45,282.45,93
583,Petición completada,nis,51,289.56,289.15,290.37,51
584,Petición completada,nangang,54,294.4,294.4,294.4,54
585,Petición completada,xuwei,56,294.01,294.01,294.01,56
586,Petición no completada,haoraoshan,undefined,undefined,undefined,undefined,undefined
587,Petición no completada,ximapo,undefined,undefined,undefined,undefined,undefined
588,Petición completada,olho marinho,99,288.91,288.71,289.26,99
589,Petición completada,yuzhai,59,291.57,291.57,291.57,59
590,Petición completada,koudougou,79,299.02,299.02,299.02,79
591,Petición completada,menuma,99,287.94,287.04,288.71,99
592,Petición completada,punat,81,283.33,282.04,285.93,81
593,Petición completada,vallentuna,100,284.63,284.15,284.82,100
594,Petición completada,xiaozhai,82,287.04,287.04,287.04,82
595,Petición completada,pantin,82,287.09,285.93,288.15,82
596,Petición no completada,xuefu,undefined,undefined,undefined,undefined,undefined
597,Petición completada,kulunda,91,272.45,272.45,272.45,91
598,Petición completada,villaguay,78,287.9,287.9,287.9,78
599,Petición completada,guanzhuang,76,287.15,287.15,287.15,76
600,Petición completada,gurlan,55,275.63,275.15,276.15,55
601,Petición completada,xingang,73,292.03,292.03,292.03,73
602,Petición completada,nedasov,90,282.21,281.48,283.15,90
603,Petición completada,kyaikto,77,301.17,301.17,301.17,77
604,Petición completada,carriedo,60,303.97,303.97,303.97,60
605,Petición completada,katsuta,87,288.15,288.15,288.15,87
606,Petición completada,west hartford,58,287.03,286.48,288.15,58
607,Petición completada,kepno,90,283.15,283.15,283.15,90
608,Petición completada,pitanga,80,293.08,293.08,293.08,80
609,Petición no completada,mberubu,undefined,undefined,undefined,undefined,undefined
610,Petición completada,casteloes,8,288.35,287.04,289.82,8
611,Petición completada,ortigueira,73,293.9,293.9,293.9,73
612,Petición completada,rimpakgede,69,299.85,299.85,299.85,69
613,Petición no completada,cabeca gorda,undefined,undefined,undefined,undefined,undefined
614,Petición completada,new haven,58,287.58,285.93,289.26,58
615,Petición completada,pankovka,96,282.62,282.62,282.62,96
616,Petición completada,bato,70,303.32,303.32,303.32,70
617,Petición completada,colon,83,300.39,299.82,301.15,83
618,Petición completada,shestakovo,77,274.77,274.77,274.77,77
619,Petición completada,lushan,71,293.08,291.48,294.82,71
620,Petición completada,buenaventura,91,297.19,297.19,297.19,91
621,Petición completada,tuapse,60,291.35,291.35,291.35,60
622,Petición no completada,tyreso,undefined,undefined,undefined,undefined,undefined
623,Petición completada,villanueva,69,300.76,300.37,301.15,69
624,Petición completada,diriomo,88,299.15,299.15,299.15,88
625,Petición completada,pamanukan,48,305.21,305.21,305.21,48
626,Petición completada,bali,88,301.15,301.15,301.15,88
627,Petición completada,jacobina,49,295.3,295.3,295.3,49
628,Petición completada,lamongan,51,304.93,304.93,304.93,51
629,Petición completada,hinapalanan,68,303.15,303.15,303.15,68
630,Petición completada,santa cruz de el seibo,94,297.15,297.15,297.15,94
631,Petición completada,al matariyah,88,299.15,299.15,299.15,88
632,Petición no completada,kassandreia,undefined,undefined,undefined,undefined,undefined
633,Petición completada,la concepcion,100,290.93,290.93,290.93,100
634,Petición completada,sinarbakti,62,301.11,301.11,301.11,62
635,Petición completada,ajlun,33,295.15,295.15,295.15,33
636,Petición completada,san rafael,33,288.19,288.19,288.19,33
637,Petición completada,shilaoren,49,294.21,294.15,294.26,49
638,Petición completada,gaotai,32,293.42,293.42,293.42,32
639,Petición completada,carrefour,69,301.15,301.15,301.15,69
640,Petición completada,skrzyszow,100,283.14,281.48,284.26,100
641,Petición completada,zhantang,76,291.54,291.54,291.54,76
642,Petición completada,aoyang,67,293.3,293.3,293.3,67
643,Petición completada,novorossiysk,76,285.15,285.15,285.15,76
644,Petición no completada,sulengwaseng,undefined,undefined,undefined,undefined,undefined
645,Petición completada,xishan,88,290.15,290.15,290.15,88
646,Petición completada,macayug,69,302.84,302.84,302.84,69
647,Petición no completada,koczygowy,undefined,undefined,undefined,undefined,undefined
648,Petición completada,oesapa,52,306.15,306.15,306.15,52
649,Petición completada,sandviken,97,282.59,282.59,282.59,97
650,Petición completada,balatun,91,284.9,284.26,285.37,91
651,Petición completada,balitoc,82,300.93,300.93,300.93,82
652,Petición completada,songnim,47,291.52,291.52,291.52,47
653,Petición completada,dovhe,95,279.82,279.82,279.82,95
654,Petición completada,svay rieng,79,300.73,300.73,300.73,79
655,Petición completada,takarazuka,93,288.05,284.26,290.15,93
656,Petición completada,hodos,99,279.81,278.71,280.93,99
657,Petición completada,zgornje jezersko,100,279.14,277.04,281.15,100
658,Petición completada,pictou,92,287.43,287.04,287.59,92
659,Petición completada,micheng,81,292.63,292.63,292.63,81
660,Petición completada,pamatang,60,304.05,304.05,304.05,60
661,Petición completada,mapusagafou,79,302.15,302.15,302.15,79
662,Petición completada,la huerta,95,295.36,295.36,295.36,95
663,Petición completada,rudky,87,286.04,285.93,286.15,87
664,Petición completada,fusagasuga,87,284.15,284.15,284.15,87
665,Petición no completada,kolirerek,undefined,undefined,undefined,undefined,undefined
666,Petición completada,argotirto krajan,78,296.89,296.89,296.89,78
667,Petición completada,musanze,75,287.63,287.63,287.63,75
668,Petición completada,mbanza congo,89,293.66,293.66,293.66,89
669,Petición completada,el estor,77,298.4,298.4,298.4,77
670,Petición completada,pasir,67,300.09,300.09,300.09,67
671,Petición completada,ganping,47,300.15,300.15,300.15,47
672,Petición completada,isawa,96,287.31,287.04,287.59,96
673,Petición completada,ishqoshim,51,280.72,280.72,280.72,51
674,Petición completada,san vicente,72,291.96,291.96,291.96,72
675,Petición completada,borisovka,54,285.15,285.15,285.15,54
676,Petición no completada,savannalamar,undefined,undefined,undefined,undefined,undefined
677,Petición completada,dampol,74,301.92,301.48,302.15,74
678,Petición completada,proptisht,80,285.86,285.86,285.86,80
679,Petición no completada,inowrocaw,undefined,undefined,undefined,undefined,undefined
680,Petición no completada,hribloski potok,undefined,undefined,undefined,undefined,undefined
681,Petición completada,hashtgerd,93,281.15,281.15,281.15,93
682,Petición completada,trzic,100,279.12,277.04,281.15,100
683,Petición completada,baijiang,61,293.2,293.2,293.2,61
684,Petición completada,kozmodemyansk,100,280.15,280.15,280.15,100
685,Petición completada,sandakan,79,302.05,300.93,303.15,79
686,Petición completada,grenoble,86,279.07,275.37,283.15,86
687,Petición no completada,aldeia da bela vista,undefined,undefined,undefined,undefined,undefined
688,Petición completada,dongjiao,78,299.15,299.15,299.15,78
689,Petición completada,adamas,61,299.15,299.15,299.15,61
690,Petición completada,asembagus,43,305.64,305.64,305.64,43
691,Petición no completada,taoyang,undefined,undefined,undefined,undefined,undefined
692,Petición completada,bom sucesso,42,297.99,297.99,297.99,42
693,Petición completada,dibulla,83,298.41,298.41,298.41,83
694,Petición completada,koysinceq,32,294.15,294.15,294.15,32
695,Petición completada,grujugan,41,306.01,306.01,306.01,41
696,Petición completada,emiliano zapata,22,291.79,287.15,294.15,22
697,Petición completada,udachny,92,269.15,269.15,269.15,92
698,Petición completada,chenfangji,74,292.3,292.3,292.3,74
699,Petición no completada,vilnyansk,undefined,undefined,undefined,undefined,undefined
700,Petición completada,rio branco do sul,75,292.4,290.93,294.82,75
701,Petición completada,bulumulyo,55,303.67,303.67,303.67,55
702,Petición no completada,,undefined,undefined,undefined,undefined,undefined
703,Petición completada,curiapo,94,297.35,297.35,297.35,94
704,Petición completada,porto alegre,100,290.07,289.82,290.37,100
705,Petición completada,hayes,93,287.82,287.04,288.15,93
706,Petición completada,cimonyong,69,298.06,298.06,298.06,69
707,Petición completada,kayapa,69,297.51,297.51,297.51,69
708,Petición completada,diriamba,88,299.15,299.15,299.15,88
709,Petición completada,skrwilno,90,283.05,283.05,283.05,90
710,Petición completada,nubl,77,290.15,290.15,290.15,77
711,Petición completada,stockholm,93,284.65,283.71,285.37,93
712,Petición completada,gaoping,80,291.04,291.04,291.04,80
713,Petición completada,kure,100,290.12,287.15,292.04,100
714,Petición completada,sundre,68,280.93,280.93,280.93,68
715,Petición completada,ostrzeszow,90,283.15,283.15,283.15,90
716,Petición completada,isugod,67,302,302,302,67
717,Petición completada,kaya,67,300.37,300.37,300.37,67
718,Petición completada,stizhkivske,53,282.11,282.11,282.11,53
719,Petición completada,campoverde,54,299.63,299.63,299.63,54
720,Petición completada,paterson,39,289.41,287.04,292.15,39
721,Petición completada,acacias,82,294.29,294.29,294.29,82
722,Petición completada,ciheras,70,300.88,300.88,300.88,70
723,Petición completada,renfrew,93,280.47,279.82,281.48,93
724,Petición completada,tylicz,99,282.68,281.48,283.71,99
725,Petición completada,sao filipe,81,299.52,299.52,299.52,81
726,Petición no completada,knyazevolkonskoye,undefined,undefined,undefined,undefined,undefined
727,Petición completada,coro,79,300.37,300.37,300.37,79
728,Petición completada,sheffield,95,283.5,283.15,283.71,95
729,Petición completada,karipidita,52,301.22,301.22,301.22,52
730,Petición completada,karangsari,60,298.97,298.97,298.97,60
731,Petición completada,dashiju,61,294.82,294.82,294.82,61
732,Petición completada,bungoma,78,289.96,289.96,289.96,78
733,Petición completada,trilj,66,280.63,275.37,286.15,66
734,Petición completada,karema,45,298.12,298.12,298.12,45
735,Petición no completada,naifalo,undefined,undefined,undefined,undefined,undefined
736,Petición completada,pervouralsk,85,265.15,265.15,265.15,85
737,Petición completada,cimanggu wetan,65,301.51,301.51,301.51,65
738,Petición completada,dongkan,57,294.21,294.21,294.21,57
739,Petición completada,vrbovec,93,282.18,281.15,283.15,93
740,Petición completada,jatiklampok,54,303.02,303.02,303.02,54
741,Petición completada,nusaherang,64,299.34,299.34,299.34,64
742,Petición completada,gemblengmulyo,56,302.94,302.94,302.94,56
743,Petición completada,shuyuan zhen,56,295.75,295.37,296.15,56
744,Petición completada,injil,14,285.15,285.15,285.15,14
745,Petición completada,umburarameha,52,302.93,302.93,302.93,52
746,Petición completada,markusica,87,285.15,285.15,285.15,87
747,Petición completada,shahdadkot,37,298.8,298.8,298.8,37
748,Petición no completada,niandui,undefined,undefined,undefined,undefined,undefined
749,Petición completada,quinarayan,62,304.11,304.11,304.11,62
750,Petición completada,carcassonne,87,285.01,283.71,287.15,87
751,Petición completada,jintao,50,298.15,298.15,298.15,50
752,Petición completada,aromashevo,97,270.8,270.8,270.8,97
753,Petición completada,ulster spring,78,300.15,300.15,300.15,78
754,Petición completada,el alamo,77,289.31,288.15,290.93,77
755,Petición completada,galitsy,57,283.15,283.15,283.15,57
756,Petición completada,varnavas,88,294.08,293.15,295.37,88
757,Petición completada,muglizh,93,289.8,288.15,291.48,93
758,Petición completada,vecumnieki,100,283.98,283.15,284.82,100
759,Petición completada,gengma,72,296.88,296.88,296.88,72
760,Petición no completada,saintbrunodemontarville,undefined,undefined,undefined,undefined,undefined
761,Petición completada,riang tengah,88,301.15,301.15,301.15,88
762,Petición completada,linkoping,87,283.5,283.15,284.15,87
763,Petición completada,murom,62,281.9,281.9,281.9,62
764,Petición no completada,arasasan,undefined,undefined,undefined,undefined,undefined
765,Petición completada,straszyn,93,281.23,280.37,282.15,93
766,Petición completada,petoa,69,300.74,300.37,301.15,69
767,Petición completada,palcza,87,284.24,283.71,284.82,87
768,Petición completada,toupi,73,292.15,292.15,292.15,73
769,Petición no completada,peras ruivas,undefined,undefined,undefined,undefined,undefined
770,Petición no completada,portdepaix,undefined,undefined,undefined,undefined,undefined
771,Petición completada,beishan,53,297.15,297.15,297.15,53
772,Petición completada,kurungannyawa,76,300.53,300.53,300.53,76
773,Petición no completada,yatebarrage,undefined,undefined,undefined,undefined,undefined
774,Petición completada,kisumu,64,292.43,292.43,292.43,64
775,Petición no completada,tangdong,undefined,undefined,undefined,undefined,undefined
776,Petición completada,mojosari,43,305.63,305.63,305.63,43
777,Petición completada,sempol,59,297.6,297.6,297.6,59
778,Petición completada,thai charoen,100,297.15,297.15,297.15,100
779,Petición completada,umea,100,283.96,283.71,284.15,100
780,Petición completada,elateia,56,296.27,295.37,297.04,56
781,Petición no completada,jundian,undefined,undefined,undefined,undefined,undefined
782,Petición completada,villa urquiza,75,289.44,289.44,289.44,75
783,Petición completada,vila flor,70,287.69,287.69,287.69,70
784,Petición completada,bom sucesso,42,297.99,297.99,297.99,42
785,Petición completada,lingcheng,71,294.37,294.37,294.37,71
786,Petición completada,mlangali,85,286.09,286.09,286.09,85
787,Petición completada,xixiang,99,292.04,292.04,292.04,99
788,Petición completada,katiola,100,295.15,295.15,295.15,100
789,Petición completada,ketanggi,54,303.33,303.33,303.33,54
790,Petición completada,bebedouro,22,303.78,303.78,303.78,22
791,Petición completada,pecoro,60,302.04,302.04,302.04,60
792,Petición completada,nanterre,93,287.01,286.15,288.15,93
793,Petición completada,sighnaghi,76,284.15,284.15,284.15,76
794,Petición completada,huyunxiang,70,293.32,293.32,293.32,70
795,Petición completada,wedoro,52,303.95,303.95,303.95,52
796,Petición completada,rawa,65,298.88,298.88,298.88,65
797,Petición completada,springfield,72,292.46,290.93,294.26,72
798,Petición completada,jieznas,93,282.15,282.15,282.15,93
799,Petición completada,pajagan,59,305.93,305.93,305.93,59
800,Petición completada,hidalgo,78,285.51,285.51,285.51,78
801,Petición completada,richmond,68,293.61,292.04,295.37,68
802,Petición completada,louny,87,282.61,282.04,283.71,87
803,Petición no completada,rainis,undefined,undefined,undefined,undefined,undefined
804,Petición completada,jinhe,83,286.07,286.07,286.07,83
805,Petición completada,ozarowice,87,282.32,281.48,283.15,87
806,Petición completada,bronx,51,290.07,288.15,291.48,51
807,Petición completada,pamas,68,277.76,277.76,277.76,68
808,Petición completada,nova cruz,94,294.88,294.88,294.88,94
809,Petición completada,bosilovo,90,291.48,291.48,291.48,90
810,Petición completada,joao pessoa,100,296.15,296.15,296.15,100
811,Petición completada,kebonan,68,300.6,300.6,300.6,68
812,Petición completada,sypniewo,93,282.88,282.59,283.15,93
813,Petición completada,jiadingzhen,56,297.02,295.15,298.15,56
814,Petición completada,turka,95,281.79,279.82,284.26,95
815,Petición completada,neglasari,69,297.28,297.28,297.28,69
816,Petición completada,jiefang,60,293.99,292.59,295.15,60
817,Petición no completada,cessonsevigne,undefined,undefined,undefined,undefined,undefined
818,Petición completada,jicun,77,288.62,288.62,288.62,77
819,Petición completada,voznesenye,94,283.09,283.09,283.09,94
820,Petición completada,sao paulo de olivenca,97,295.51,295.51,295.51,97
821,Petición completada,fukuroi,100,290.07,289.15,290.93,100
822,Petición completada,jose de freitas,55,303.15,303.15,303.15,55
823,Petición completada,dashiqiao,40,293.86,293.86,293.86,40
824,Petición no completada,raemude,undefined,undefined,undefined,undefined,undefined
825,Petición completada,liushui,61,291.2,291.2,291.2,61
826,Petición completada,cardal,58,286.16,285.93,287.15,58
827,Petición completada,khorugh,49,280.98,280.98,280.98,49
828,Petición completada,modderfontein,90,284.19,283.15,285.37,90
829,Petición completada,kambia,96,296.99,296.99,296.99,96
830,Petición completada,pyrgos,78,295.15,295.15,295.15,78
831,Petición completada,asahikawa,50,286.15,286.15,286.15,50
832,Petición completada,hotaka,93,284.68,284.26,285.15,93
833,Petición completada,tidili mesfioua,49,295.15,295.15,295.15,49
834,Petición completada,gunan,78,290.93,290.93,290.93,78
835,Petición completada,bajera,88,301.15,301.15,301.15,88
836,Petición completada,north saanich,100,286.65,286.15,287.04,100
837,Petición no completada,kuragakikosugi,undefined,undefined,undefined,undefined,undefined
838,Petición completada,maesan,57,300.89,300.89,300.89,57
839,Petición completada,viljoenskroon,86,287.13,287.13,287.13,86
840,Petición completada,boliney,55,304.15,304.15,304.15,55
841,Petición completada,kalandagan,87,298.57,298.57,298.57,87
842,Petición completada,candelaria,94,298.15,298.15,298.15,94
843,Petición completada,puttalam,79,300.7,300.7,300.7,79
844,Petición completada,nizhniy lomov,56,281.01,281.01,281.01,56
845,Petición completada,chengzi,72,292.2,292.2,292.2,72
846,Petición completada,sebba,51,300.27,300.27,300.27,51
847,Petición completada,ndungu,78,293.18,293.18,293.18,78
848,Petición no completada,alvdalen,undefined,undefined,undefined,undefined,undefined
849,Petición completada,piura,66,293.21,293.21,293.21,66
850,Petición completada,castelo de vide,91,288.71,288.71,288.71,91
851,Petición no completada,kbenhavn,undefined,undefined,undefined,undefined,undefined
852,Petición completada,iktabah,49,294.59,294.15,295.37,49
853,Petición completada,novi seher,93,283.93,283.71,284.15,93
854,Petición no completada,zhongguanyi,undefined,undefined,undefined,undefined,undefined
855,Petición completada,grande riviere noire,83,296.32,296.15,296.48,83
856,Petición no completada,zgobien,undefined,undefined,undefined,undefined,undefined
857,Petición completada,andop,75,301.83,301.83,301.83,75
858,Petición completada,sagang,86,298.83,298.83,298.83,86
859,Petición completada,gevgelija,99,290.37,290.37,290.37,99
860,Petición completada,zhangjiachang,44,284.6,284.6,284.6,44
861,Petición completada,santo isidro,93,284.49,283.15,285.93,93
862,Petición completada,nea ankhialos,77,292.15,292.15,292.15,77
863,Petición completada,bukonyo,70,296.97,296.97,296.97,70
864,Petición completada,huambo,76,290.39,290.39,290.39,76
865,Petición no completada,saffle,undefined,undefined,undefined,undefined,undefined
866,Petición completada,andalan,87,298.31,298.31,298.31,87
867,Petición completada,porvenir,86,286.98,286.98,286.98,86
868,Petición completada,shenavan,57,284.15,284.15,284.15,57
869,Petición no completada,ustkamenogorsk,undefined,undefined,undefined,undefined,undefined
870,Petición completada,aviles,93,289.52,288.15,290.37,93
871,Petición completada,kolomyya,87,286.33,286.33,286.33,87
872,Petición completada,ban phaeo,78,300.4,299.82,300.93,78
873,Petición completada,touzim,93,281.18,280.37,282.04,93
874,Petición completada,mikhaylov,40,280.93,280.93,280.93,40
875,Petición completada,ban talat nua,78,299.93,299.26,301.15,78
876,Petición completada,hobscheid,98,282.68,282.04,283.71,98
877,Petición no completada,medvea,undefined,undefined,undefined,undefined,undefined
878,Petición completada,merritt,82,290.15,290.15,290.15,82
879,Petición completada,luziania,34,299.15,299.15,299.15,34
880,Petición completada,brzeznica,93,284.98,284.82,285.15,93
881,Petición completada,wengang,76,292.49,292.49,292.49,76
882,Petición completada,sumenep,57,303.09,303.09,303.09,57
883,Petición no completada,hukkyori,undefined,undefined,undefined,undefined,undefined
884,Petición completada,nong yai,74,300.59,300.37,301.15,74
885,Petición completada,envigado,93,287.36,285.93,289.15,93
886,Petición completada,batutulis,62,302.15,302.15,302.15,62
887,Petición completada,tymoshivka,68,288.2,288.2,288.2,68
888,Petición completada,yangji,58,291.14,291.14,291.14,58
889,Petición completada,suyo,59,303.5,303.5,303.5,59
890,Petición completada,hechuan,82,290.65,290.15,290.93,82
891,Petición completada,centenary,90,287.39,287.39,287.39,90
892,Petición no completada,lacroixsaintouen,undefined,undefined,undefined,undefined,undefined
893,Petición completada,alvares machado,31,303.24,303.24,303.24,31
894,Petición completada,francova lhota,100,282.22,281.48,283.15,100
895,Petición completada,kidatu,80,293.27,293.27,293.27,80
896,Petición completada,las lomas,100,290.93,290.93,290.93,100
897,Petición no completada,alem do rio,undefined,undefined,undefined,undefined,undefined
898,Petición completada,witkowo,92,282.86,282.59,283.15,92
899,Petición completada,kuybyshev,95,273.02,273.02,273.02,95
900,Petición completada,gunjur kuta,78,299.15,299.15,299.15,78
901,Petición completada,ranambeling,69,297.58,297.58,297.58,69
902,Petición completada,arak,68,279.35,279.35,279.35,68
903,Petición completada,hepo,67,295.89,295.89,295.89,67
904,Petición completada,tsumeb,26,291.48,291.48,291.48,26
905,Petición completada,mweka,100,293.29,293.29,293.29,100
906,Petición completada,caen,82,288.15,288.15,288.15,82
907,Petición completada,negara,69,300.57,300.57,300.57,69
908,Petición completada,remedios,83,300.15,300.15,300.15,83
909,Petición completada,lo prado,50,287.61,287.04,288.71,50
910,Petición no completada,sepulu,undefined,undefined,undefined,undefined,undefined
911,Petición completada,yokaichiba,93,287.98,287.59,288.15,93
912,Petición completada,gaozhai,46,284.94,284.94,284.94,46
913,Petición completada,khantaghy,51,278.28,278.28,278.28,51
914,Petición completada,knyszyn,91,282.03,281.48,282.59,91
915,Petición completada,dobra,100,289.93,289.26,290.37,100
916,Petición no completada,brea pozo,undefined,undefined,undefined,undefined,undefined
917,Petición completada,suifenhe,45,284.87,284.87,284.87,45
918,Petición no completada,thanh chuong,undefined,undefined,undefined,undefined,undefined
919,Petición no completada,kato dhiminio,undefined,undefined,undefined,undefined,undefined
920,Petición completada,buzet,93,284.64,283.15,285.93,93
921,Petición completada,debeljaca,93,285.15,285.15,285.15,93
922,Petición completada,mosorin,93,285.15,285.15,285.15,93
923,Petición completada,capim grosso,73,295.8,295.8,295.8,73
924,Petición no completada,yamen,undefined,undefined,undefined,undefined,undefined
925,Petición completada,shigu,76,286.96,286.96,286.96,76
926,Petición completada,dobra,100,289.93,289.26,290.37,100
927,Petición completada,baidoa,85,296.6,296.6,296.6,85
928,Petición completada,al bayda,46,294.26,294.26,294.26,46
929,Petición completada,hepang,67,301.81,301.81,301.81,67
930,Petición completada,ugac sur,76,302.22,302.22,302.22,76
931,Petición completada,aguia branca,82,297.55,297.55,297.55,82
932,Petición completada,tharu shah,46,299.92,299.92,299.92,46
933,Petición completada,el calvario,100,289.94,289.94,289.94,100
934,Petición completada,duntou,62,294.5,294.5,294.5,62
935,Petición completada,moss,93,283,282.59,283.15,93
936,Petición completada,selopuro,59,301.57,301.57,301.57,59
937,Petición completada,panalingaan,64,303.3,303.3,303.3,64
938,Petición completada,mengxi,83,288.16,288.16,288.16,83
939,Petición no completada,utrecht stad,undefined,undefined,undefined,undefined,undefined
940,Petición completada,pader palwo,91,291.42,291.42,291.42,91
941,Petición completada,dabu,78,290.43,290.43,290.43,78
942,Petición completada,la romana,94,297.15,297.15,297.15,94
943,Petición completada,tiandian,68,290.82,290.82,290.82,68
944,Petición completada,asheville,77,287.17,285.93,289.15,77
945,Petición completada,itaberaba,81,295.64,295.64,295.64,81
946,Petición no completada,ronninge,undefined,undefined,undefined,undefined,undefined
947,Petición completada,autun,100,283.76,283.15,285.37,100
948,Petición completada,nice,51,289.4,288.71,290.37,51
949,Petición completada,cimenga,66,299.43,299.43,299.43,66
950,Petición completada,spetses,66,297.78,297.78,297.78,66
951,Petición completada,maukaro,61,303.04,303.04,303.04,61
952,Petición completada,varzea alegre,49,298.12,298.12,298.12,49
953,Petición completada,la poma,47,287.53,287.53,287.53,47
954,Petición completada,lucma,65,284.87,284.87,284.87,65
955,Petición completada,guanyinsi,61,294.44,294.44,294.44,61
956,Petición completada,fengchan,46,284.18,284.18,284.18,46
957,Petición completada,antipolo,79,301.81,301.48,302.15,79
958,Petición completada,dahay,74,301.15,301.15,301.15,74
959,Petición no completada,courelas bravas,undefined,undefined,undefined,undefined,undefined
960,Petición completada,kukes,78,285.46,285.46,285.46,78
961,Petición completada,colmeal,26,284.26,284.26,284.26,26
962,Petición completada,quelimane,83,294.99,294.82,295.15,83
963,Petición completada,beni khiar,64,294.19,293.15,295.15,64
964,Petición completada,nang rong,100,295.15,295.15,295.15,100
965,Petición completada,vistino,97,284.47,284.47,284.47,97
966,Petición completada,wanareja,69,300.75,300.75,300.75,69
967,Petición completada,manggu,61,303.16,303.16,303.16,61
968,Petición completada,tullinge,93,284.68,283.71,285.37,93
969,Petición completada,socota,75,284.54,284.54,284.54,75
970,Petición completada,elvas,44,290.2,290.2,290.2,44
971,Petición completada,alcoy,68,292.43,289.26,294.82,68
972,Petición completada,kralice na hane,91,283.15,283.15,283.15,91
973,Petición completada,mendeleyevskiy,47,284.88,284.88,284.88,47
974,Petición completada,palmas de gran canaria,88,295.69,294.82,297.04,88
975,Petición no completada,doushaguan,undefined,undefined,undefined,undefined,undefined
976,Petición completada,ordzhonikidze,94,271.83,271.83,271.83,94
977,Petición completada,santa rita,100,296.15,296.15,296.15,100
978,Petición completada,xialaba,47,283.09,283.09,283.09,47
979,Petición completada,korolev stan,100,286.15,286.15,286.15,100
980,Petición completada,ratoath,93,284.19,284.15,284.26,93
981,Petición completada,honghai,50,292.26,292.26,292.26,50
982,Petición completada,suqiaoxiang,69,293.48,293.48,293.48,69
983,Petición completada,yelan,57,280.1,280.1,280.1,57
984,Petición completada,chayek,63,278.58,278.58,278.58,63
985,Petición completada,pisz,100,277.15,277.15,277.15,100
986,Petición completada,weihe,87,284.25,284.25,284.25,87
987,Petición no completada,xiashitai,undefined,undefined,undefined,undefined,undefined
988,Petición completada,zhaojia,56,294.08,293.15,295.15,56
989,Petición completada,xiapu,70,291.51,291.51,291.51,70
990,Petición no completada,biaa,undefined,undefined,undefined,undefined,undefined
991,Petición completada,drachten,1,283.63,283.15,284.26,1
992,Petición completada,pivovarikha,100,272.15,272.15,272.15,100
993,Petición completada,newcastle,57,298.66,297.04,300.37,57
994,Petición completada,kostrzyn nad odra,34,284.09,283.15,285.37,34
995,Petición completada,lapas,88,293.96,293.15,295.15,88
996,Petición completada,thoen,91,297.36,297.36,297.36,91
997,Petición no completada,dianshui,undefined,undefined,undefined,undefined,undefined
998,Petición no completada,baojiadian,undefined,undefined,undefined,undefined,undefined