,ident,type,name,elevation_ft,continent,iso_country,iso_region,municipality,gps_code,iata_code,local_code,coordinates
223,03N,small_airport,Utirik Airport,4.0,OC,MH,MH-UTI,Utirik Island,K03N,UTK,03N,"11.222, 169.852005"
10375,ADC,small_airport,Andakombe Airport,3600.0,OC,PG,PG-EHG,Andekombe,AYAN,ADC,ADK,"-7.13722222222, 145.744722222"
10405,AEK,small_airport,Aseki Airport,4106.0,OC,PG,PG-MPL,Aseki,AYAX,AEK,ASE,"-7.35080485552, 146.19386673"
10465,AIE,small_airport,Aiome Airport,350.0,OC,PG,PG-MPM,Aiome,AYAO,AIE,AIO,"-5.145699978, 144.7307003"
10466,AIH,small_airport,Aiambak Airport,90.0,OC,PG,PG-WPD,Aiambak,AYAK,AIH,AMB,"-7.342777777779999, 141.2675"
10681,AMU,small_airport,Amanab Airport,1307.0,OC,PG,PG-SAN,Amanab,AYAM,AMU,ANA,"-3.586, 141.214333333"
10750,APR,small_airport,April River Airport,220.0,OC,PG,PG-ESW,April River,AYPE,APR,APR,"-4.67666666667, 142.540138889"
11100,AR-0346,small_airport,Sunchales Aeroclub Airport,311.0,SA,AR,AR-S,Sunchales,SAFS,NCJ,SCA,"-30.9575, -61.5283"
11216,AR-0462,small_airport,Termal Airport,308.0,SA,AR,AR-H,Presidencia Roque Sáenz Peña,SARS,PRQ,PSP,"-26.753611, -60.492222"
11502,ATN,small_airport,Namatanai Airport,150.0,OC,PG,PG-NIK,Namatanai,AYNX,ATN,NTI,"-3.6695, 152.438"
11503,ATP,small_airport,Aitape Airport,10.0,OC,PG,PG-SAN,Aitape,AYAI,ATP,APE,"-3.1436111111100002, 142.346805556"
11633,AU-OKB,small_airport,Orchid Beach Airport,71.0,OC,AU,AU-QLD,Orchid Beach,YORC,OKB,YORC,"-24.959400177002, 153.31500244141"
11641,AUI,small_airport,Aua Island Airport,4.0,OC,PG,PG-MRL,Aua Island,AYND,AUI,AUA,"-1.46055555556, 143.064722222"
11642,AUJ,small_airport,Ambunti Airport,50.0,OC,PG,PG-ESW,Ambunti,AYAT,AUJ,AMI,"-4.21566666667, 142.823166667"
11645,AUV,small_airport,Aumo Airport,450.0,OC,PG,PG-WBK,Aumo,AYUM,AUV,AUMO,"-5.731111111110001, 148.445277778"
11653,AYBR,small_airport,Biaru Airport,4900.0,OC,PG,PG-MPL,Biaru,AYBR,BRP,BRU,"-7.6693, 146.7594"
11661,AYDK,small_airport,Munduku Airport,100.0,OC,PG,PG-ESW,Munduku,AYDK,MDM,MUN,"-4.6204, 143.4516"
11662,AYDL,small_airport,Kondobol Airport,132.0,OC,PG,PG-WPD,Kondobol,AYDL,KPF,KDB,"-8.5336, 142.5049"
11663,AYDN,small_airport,Dinangat Airport,5309.0,OC,PG,PG-MPL,Dinangat,AYDN,DNU,DIN,"-6.1546, 146.6772"
11664,AYDO,small_airport,Doini Airport,31.0,OC,PG,PG-MBA,Castori Islets,AYDO,DOI,DOI,"-10.7009, 150.7218"
11671,AYEB,small_airport,Embessa Airport,131.0,OC,PG,PG-NPP,Embessa,AYEB,EMS,EMB,"-9.447, 148.7628"
11672,AYED,small_airport,Edwaki Airport,190.0,OC,PG,PG-SAN,Yellow River Mission,AYED,XYR,EWK,"-3.883986, 141.792234"
11676,AYEL,small_airport,Eliptamin Airport,4825.0,OC,PG,PG-SAN,Eliptamin,AYEL,EPT,ELP,"-5.0412, 141.6779"
11678,AYEN,small_airport,Engati Airstrip,3715.0,OC,PG,PG-MPL,Engati,AYEN,EGA,EGT,"-6.9179, 146.1053"
11679,AYEO,small_airport,Emo River Airstrip,2240.0,OC,PG,PG-NPP,Emo Mission,AYEO,EMO,EMO,"-9.1234, 148.0415"
11680,AYER,small_airport,Erume Airport,6690.0,OC,PG,PG-CPM,Erume,AYER,ERU,EME,"-8.2538, 146.9747"
11684,AYFE,small_airport,Feramin Airport,4655.0,OC,PG,PG-SAN,Feramin,AYFE,FRQ,FMN,"-5.208, 141.6988"
11687,AYFR,small_airport,Frieda River Airport,217.0,OC,PG,PG-ESW,Frieda River,AYFR,FAQ,FRR,"-4.610468, 141.960138"
11689,AYFU,small_airport,Fuma Airport,466.0,OC,PG,PG-WPD,Fuma,AYFU,FUM,FUMA,"-6.3933, 142.4408"
11694,AYGF,small_airport,Guari Airport,6450.0,OC,PG,PG-CPM,Guari,AYGF,GUG,GAI,"-8.1286, 146.8722"
11695,AYGG,small_airport,Garasa Airport,2539.0,OC,PG,PG-MPL,Au,AYGG,GRL,GSA,"-7.980713, 147.213461"
11700,AYGP,small_airport,Gusap Airport,1504.0,OC,PG,PG-GPK,Gusap,AYGP,GAP,GSP,"-6.053196, 145.959047"
11703,AYGS,small_airport,Gasuke Airport,157.0,OC,PG,PG-WPD,Gasuke,AYGS,GBC,GSK,"-6.1028, 141.7393"
11707,AYHB,small_airport,Habi Airport,993.0,OC,PG,PG-WPD,Habi,AYHB,HBD,HABI,"-6.32, 142.4893"
11708,AYHE,small_airport,Heiweni Airport,3480.0,OC,PG,PG-MPL,Heiweni,AYHE,HNI,HWI,"-7.4223, 146.4276"
11709,AYHH,small_airport,Honinabi Airport,452.0,OC,PG,PG-WPD,Honinabi,AYHH,HNN,HBI,"-16.2457, 142.1771"
11714,AYHO,small_airport,Haivaro Airport,180.0,OC,PG,PG-GPK,Haivaro,AYHO,HIT,HWO,"-6.9406, 143.059"
11721,AYII,small_airport,Imane Airport,3860.0,OC,PG,PG-MPL,Imane,AYII,IMN,IMN,"-6.7524, 146.1072"
11722,AYIM,small_airport,Kungim Airport,349.0,OC,PG,PG-WPD,Kungim,AYIM,KGM,KNM,"-5.671, 141.03"
11724,AYIO,small_airport,Imonda Airport,990.0,OC,PG,PG-SAN,Imonda,AYIO,IMD,IMO,"-3.328, 141.1573"
11729,AYIU,small_airport,Ialibu Airport,6736.0,OC,PG,PG-SHM,Ialibu,AYIU,IAL,IBU,"-6.2782, 143.9944"
11730,AYIX,small_airport,Witu Airport,25.0,OC,PG,PG-WBK,Garove Island,AYIX,WIU,WITU,"-4.689522, 149.440112"
11732,AYJO,small_airport,Yongai Airport,6500.0,OC,PG,PG-CPM,Yongai,AYJO,KGH,YON,"-8.5289, 147.4603"
11734,AYKG,small_airport,Kopiago Airport,4445.0,OC,PG,PG-HE,Kopiago,AYKG,KPA,KGO,"-5.3883, 142.4977"
11736,AYKJ,small_airport,Kanainj Airport,4064.0,OC,PG,PG-MPM,Kanainj,AYKJ,KNE,KNJ,"-5.2903, 144.7072"
11741,AYKR,small_airport,Kar Kar Airport,130.0,OC,PG,PG-MPM,Kar Kar Island,AYKR,KRX,KKR,"-4.557, 145.9404"
11742,AYKT,small_airport,Aropa Airport,20.0,OC,PG,PG-NSB,Kieta,AYIQ,KIE,KIA,"-6.305417, 155.728139"
11743,AYKU,small_airport,Kuri Airport,35.0,OC,PG,PG-GPK,Kuri,AYKU,KUQ,KURI,"-7.135083, 143.276111"
11748,AYLB,small_airport,Lab Lab Airport,160.0,OC,PG,PG-MPL,Lab Lab Mission,AYLB,LAB,LAB,"-5.7204, 148.0566"
11752,AYLO,small_airport,Lowai Airport,2900.0,OC,PG,PG-MPL,Lowai,AYLO,LWI,LOW,"-6.3344, 146.6458"
11753,AYLP,small_airport,Leron Plains Airport,680.0,OC,PG,PG-MPL,Leron Plains,AYLP,LPN,LPS,"-6.3917, 146.3434"
11755,AYLS,small_airport,Lese Airport,40.0,OC,PG,PG-GPK,Lese,AYLS,LNG,LESE,"-8.2799, 146.2765"
11756,AYLX,small_airport,Long Island Airport,116.0,OC,PG,PG-MPM,Long Island,AYLX,LSJ,LIS,"-5.3604, 147.0177"
11759,AYMA,small_airport,Manari Airport,2630.0,OC,PG,PG-NPP,Manari,AYMA,MRM,MRI,"-9.1908, 147.6219"
11760,AYMB,small_airport,Morobe Airport,8.0,OC,PG,PG-MPL,Morobe,AYMB,OBM,MBE,"-7.74, 147.59"
11764,AYML,small_airport,Mougulu Airport,825.0,OC,PG,PG-WPD,Mougulu,AYML,GUV,MGU,"-6.280859, 142.420775"
11769,AYMW,small_airport,Marawaka Airport,6050.0,OC,PG,PG-EHG,Marawaka,AYMW,MWG,MWK,"-6.9736, 145.8849"
11771,AYNA,small_airport,Nankina Airport,5800.0,OC,PG,PG-MPM,Gwarawon,AYNA,NKN,NKN,"-5.837, 146.4533"
11772,AYNE,small_airport,Negarbo(Negabo) Airport,4500.0,OC,PG,PG-CPK,Negarbo,AYNE,GBF,NBO,"-6.567778, 144.703058"
11773,AYNG,small_airport,Manguna Airport,187.0,OC,PG,PG-EBR,Manguna,AYNG,MFO,MGA,"-5.577778, 151.792333"
11774,AYNM,small_airport,Kasonombe Airport,5800.0,OC,PG,PG-MPL,Kasonombe,AYNM,KSB,KNB,"-6.3819, 146.9859"
11775,AYNO,small_airport,Nomane Airport,6032.0,OC,PG,PG-CPK,Namane,AYNO,NMN,NOM,"-6.32183, 145.070667"
11777,AYNY,small_airport,Nambaiyufa Airport,5550.0,OC,PG,PG-CPK,Nambaiyufa,AYNY,NBA,NBF,"-6.2412, 145.2424"
11781,AYOE,small_airport,Konge Airport,5900.0,OC,PG,PG-MPL,Konge,AYOE,KGB,KGE,"-6.2239, 147.2152"
11783,AYOJ,small_airport,Oksapmin Airport,5140.0,OC,PG,PG-SAN,Oksapmin,AYOJ,OKP,OKN,"-5.2261, 142.2259"
11784,AYOK,small_airport,Komako Airport,3960.0,OC,PG,PG-GPK,Komako,AYOK,HOC,KMA,"-7.3984, 145.8827"
11785,AYOQ,small_airport,Komaio Airport,28.0,OC,PG,PG-GPK,Komaio,AYOQ,KCJ,KOI,"-7.2714, 143.5952"
11790,AYOY,small_airport,Open Bay Airport,33.0,OC,PG,PG-WBK,Maitanakunai,AYOY,OPB,OBY,"-4.794727, 151.696195"
11793,AYPC,small_airport,Pangoa Airport,60.0,OC,PG,PG-WPD,Pangoa,AYPC,PGB,PGA,"-7.0226, 141.5605"
11794,AYPG,small_airport,Pangia Airport,5340.0,OC,PG,PG-SHM,Pangia,AYPG,PGN,PNA,"-6.386, 144.1084"
11796,AYPO,small_airport,Mapoda Airport,45.0,OC,PG,PG-WPD,Mapoda,AYPO,MPF,MPO,"-7.979, 143.1694"
11797,AYPQ,small_airport,Pumani Airport,427.0,OC,PG,PG-MBA,Pumani,AYPQ,PMN,PMN,"-9.7469, 149.4766"
11803,AYQO,small_airport,Sopu Airport,6580.0,OC,PG,PG-CPM,Sopu,AYQO,SPH,SOPU,"-8.3038, 147.1659"
11804,AYQS,small_airport,Sialum Airport,170.0,OC,PG,PG-MPL,Sialum,AYQS,SXA,SLU,"-6.0908, 147.5955"
11810,AYRI,small_airport,Karimui Airport,3640.0,OC,PG,PG-CPK,Karimui,AYRI,KMR,KRI,"-6.4921, 144.823"
11812,AYRM,small_airport,Maramuni Airport,5160.0,OC,PG,PG-EPW,Maramuni,AYRM,MWI,MAR,"-5.13, 143.4829"
11816,AYRV,small_airport,May River Airstrip,107.0,OC,PG,PG-ESW,May River,AYRV,MRH,MRV,"-4.3615, 141.785"
11820,AYSE,small_airport,Simberi Airport,10.0,OC,PG,PG-NIK,Simberi Island,AYSE,NIS,SBI,"-2.66222222222, 151.997777778"
11821,AYSG,small_airport,Sila Airport,2230.0,OC,PG,PG-NPP,Sila Mission,AYSG,SIL,SILA,"-9.07355555556, 148.38925"
11822,AYSH,small_airport,Sabah Airport,10.0,OC,PG,PG-NSB,Sabah,AYSH,SBV,SAB,"-5.5765, 155.0489"
11824,AYSJ,small_airport,Simbai Airport,5804.0,OC,PG,PG-MPM,Simbai,AYSJ,SIM,SAI,"-5.278611111110001, 144.544722222"
11826,AYSO,small_airport,Selbang Airport,5130.0,OC,PG,PG-WPD,Selbang,AYSO,SBC,SEL,"-5.315, 141.752"
11827,AYSQ,small_airport,Sepik Plains Airport,230.0,OC,PG,PG-ESW,Sepik Plains,AYSQ,SPV,SPP,"-3.8821, 143.6734"
11830,AYSV,small_airport,Sauren Airport,46.0,OC,PG,PG-WBK,Sauren,AYSV,SXW,SAU,"-5.9701, 148.8543"
11831,AYSX,small_airport,Masa Airport,5900.0,OC,PG,PG-MPL,Masa,AYSX,MBV,MASA,"-6.345, 147.591"
11838,AYTI,small_airport,Tapini Airport,3100.0,OC,PG,PG-CPM,Tapini,AYTI,TPI,TAP,"-8.35666666667, 146.989166667"
11842,AYTN,small_airport,Tekin Airport,5785.0,OC,PG,PG-SAN,Tekin,AYTN,TKW,TEK,"-5.24366666667, 142.165194444"
11843,AYTP,small_airport,Tep Tep Airport,7011.0,OC,PG,PG-MPM,Teptep,AYTP,TEP,TEP,"-5.9553, 146.5595"
11845,AYTS,small_airport,Tsewi Airport,4185.0,OC,PG,PG-MPL,Tsewi,AYTS,TSW,TSE,"-7.0695, 146.1272"
11846,AYTT,small_airport,Tarakbits Airport,281.0,OC,PG,PG-WPD,Tarakbits,AYTT,TRJ,TRT,"-5.614, 141.0421"
11847,AYTW,small_airport,Tawa Airport,5020.0,OC,PG,PG-MPL,Tawa,AYTW,TWY,TAWA,"-7.4463, 146.1067"
11848,AYTZ,small_airport,Tekadu Airport,1310.0,OC,PG,PG-MPL,Tekadu,AYTZ,TKB,TKD,"-7.6808, 146.5503"
11849,AYU,small_airport,Aiyura Airport,5355.0,OC,PG,PG-EHG,Aiyura Valley,AYAY,AYU,AYU,"-6.33805555556, 145.904166667"
11851,AYUC,small_airport,Umba Airport,5950.0,OC,PG,PG-MPL,Umba,AYUC,UMC,UMBA,"-7.0214, 145.966"
11853,AYUE,small_airport,Uroubi Airport,481.0,OC,PG,PG-NPP,Uroubi,AYUE,URU,URO,"-9.5162, 148.5591"
11859,AYUR,small_airport,Upiara Airport,52.0,OC,PG,PG-WPD,Upiara,AYUR,UPR,UPA,"-8.5411, 142.6503"
11864,AYUZ,small_airport,Uvol Airport,15.0,OC,PG,PG-EBR,Uvol,AYUZ,UVO,UVOL,"-6.0178, 150.9557"
11867,AYVL,small_airport,Talasea Airport,44.0,OC,PG,PG-WBK,Talasea,AYVL,TLW,TLS,"-5.2726, 150.0089"
11868,AYVM,small_airport,Torembi Airport,90.0,OC,PG,PG-ESW,Torembi,AYVM,TCJ,TBI,"-4.0165, 143.1329"
11870,AYVO,small_airport,Tonu Airport,300.0,OC,PG,PG-NSB,Tonu,AYVO,TON,TONU,"-6.6552, 155.4326"
11872,AYWB,small_airport,Wabo Airport,132.0,OC,PG,PG-GPK,Wabo,AYWB,WAO,WABO,"-6.98944444444, 145.075111111"
11874,AYWF,small_airport,Wawoi Falls Airport,370.0,OC,PG,PG-WPD,Wavoi Falls,AYWF,WAJ,WWF,"-6.9523, 142.6557"
11877,AYWO,small_airport,Wonenara Airport,5028.0,OC,PG,PG-EHG,Wonenara,AYWO,WOA,WOA,"-6.796861111110001, 145.891944444"
11878,AYWQ,small_airport,Wakunai Airport,20.0,OC,PG,PG-EBR,Wakunai,AYWQ,WKN,WAI,"-5.8603, 155.2223"
11879,AYWS,small_airport,Wasu Airport,34.0,OC,PG,PG-MPL,Wasu,AYWS,WSU,WASU,"-5.96170944919, 147.19822526"
11880,AYWT,small_airport,Woitape Airport,5200.0,OC,PG,PG-CPM,Fatima Mission,AYWT,WTP,WTP,"-8.54583333333, 147.2525"
11881,AYWU,small_airport,Wau Airport,3600.0,OC,PG,PG-SAN,Wau,AYWU,WUG,WAU,"-7.345555555560001, 146.718611111"
11884,AYXE,small_airport,Yeva Airport,4510.0,OC,PG,PG-MPL,Yeva,AYXE,YVD,YEVA,"-7.548, 146.188"
11886,AYXI,small_airport,Sim Airport,5460.0,OC,PG,PG-MPL,Sim,AYXI,SMJ,SIM,"-7.75, 146.9273"
11888,AYXW,small_airport,Weam Airport,50.0,OC,PG,PG-WPD,Weam,AYXW,WEP,WEAM,"-8.6184, 141.1381"
11892,AYYE,small_airport,Yalumet Airport,2600.0,OC,PG,PG-MPL,Yalumet,AYYE,KYX,YLT,"-6.09, 147.0117"
11898,AYYR,small_airport,Yasuru Airport,1520.0,OC,PG,PG-MPL,Yasuru,AYYR,KSX,YAS,"-6.6015, 146.1813"
11905,AYZM,small_airport,Wasum Airport,175.0,OC,PG,PG-WBK,Wasum,AYZM,WUM,WSM,"-6.0491, 149.337"
12048,BCP,small_airport,Bambu Airport,6790.0,OC,PG,PG-MPM,Bambu,AYBC,BCP,BAM,"-5.863611111110001, 146.4925"
12315,BMH,small_airport,Bomai Airport,3300.0,OC,PG,PG-CPK,Bomai,AYBO,BMH,BOM,"-6.37316666667, 144.637"
12317,BMZ,small_airport,Bamu Airport,50.0,OC,PG,PG-WPD,Bamu,AYBF,BMZ,BAMU,"-7.8485, 143.2433"
12319,BNM,small_airport,Bodinumu Airport,3700.0,OC,PG,PG-CPM,Bodinumu,AYBD,BNM,BNU,"-9.107777777779999, 147.666722222"
12321,BNT,small_airport,Bundi Airport,4400.0,OC,PG,PG-MPM,Bundi,AYDI,BNT,BDI,"-5.742222222220001, 145.2275"
12344,BOT,small_airport,Bosset Airport,80.0,OC,PG,PG-WPD,Bosset,AYET,BOT,BST,"-7.237257, 141.1063222"
12789,BSP,small_airport,Bensbach Airport,30.0,OC,PG,PG-WPD,Bensbach,AYBH,BSP,BEN,"-8.85805555556, 141.259444444"
12791,BUL,small_airport,Bulolo Airport,2240.0,OC,PG,PG-MPL,Bulolo,AYBU,BUL,BUO,"-7.216286671410001, 146.649541855"
12850,BWP,small_airport,Bewani Airport,550.0,OC,PG,PG-SAN,Bewani,AYBI,BWP,BEW,"-3.0216666666700003, 141.165277778"
12852,BXZ,small_airport,Bunsil Airport,201.0,OC,PG,PG-MPL,Bunsil - Umboi Island,AYNS,BXZ,BSL,"-5.7243, 147.8667"
14505,CGC,small_airport,Cape Gloucester Airport,78.0,OC,PG,PG-WBK,Cape Gloucester,AYCG,CGC,CPG,"-5.458965, 148.432417"
16906,DBP,small_airport,Debepare Airport,360.0,OC,PG,PG-WPD,Debepare,AYDB,DBP,DBP,"-6.30861111111, 141.905555556"
17395,DER,small_airport,Derim Airport,4850.0,OC,PG,PG-MPL,Derim,AYDE,DER,DEM,"-6.14472222222, 147.107222222"
17563,DOO,small_airport,Dorobisoro Airport,1767.0,OC,PG,PG-CPM,Dorobisoro,AYDR,DOO,DOR,"-9.461855, 147.920907"
18317,EFG,small_airport,Efogi Airport,3900.0,OC,PG,PG-CPM,Efogi,AYEF,EFG,EFO,"-9.15380555556, 147.659805556"
19875,FADK,small_airport,Mubatuba Airport,210.0,AF,ZA,ZA-NL,Mubatuba,FADK,DUK,FA65,"-28.36840057373047, 32.24810028076172"
20025,FAOH,medium_airport,Oudtshoorn Airport,1063.0,AF,ZA,ZA-WC,Oudtshoorn,FAOH,OUH,FAOH,"-33.6069984436, 22.188999176"
20434,FIN,small_airport,Finschhafen Airport,60.0,OC,PG,PG-MPL,Buki,AYFI,FIN,FIN,"-6.621750109, 147.85405"
20768,FNE,small_airport,Fane Airport,4500.0,OC,PG,PG-CPM,Fane Mission,AYFA,FNE,FANE,"-8.54927777778, 147.085833333"
21904,GAZ,small_airport,Guasopa Airport,10.0,OC,PG,PG-MBA,Woodlark (Muyua) Island,AYGJ,GAZ,GPA,"-9.225918, 152.944352"
22557,GEW,small_airport,Gewoia Airport,340.0,OC,PG,PG-NPP,Gewoia,AYGC,GEW,GEW,"-9.2263, 148.4949"
22602,GLP,small_airport,Gulgubip Airport,4900.0,OC,PG,PG-WHM,Gulgubip,AYUP,GLP,GUP,"-5.2808, 141.5411"
22650,GOC,small_airport,Gora Airstrip,2497.0,OC,PG,PG-NPP,Gora,AYGX,GOC,GORA,"-9.0021, 148.2364"
22651,GODK,small_airport,Kolda North Airport,33.0,AF,SN,SN-KD,Kolda,GODK,KDA,GODK,"12.898500442504883, -14.968099594116211"
22934,HEO,small_airport,Haelogo Airport,3217.0,OC,PG,PG-CPM,Haelogo,AYHG,HEO,HLG,"-9.13658, 147.598434"
23324,HWA,small_airport,Hawabango Airport,4563.0,OC,PG,PG-GPK,Hawabango,AYHU,HWA,HBA,"-7.392994, 146.003487"
23460,ID-0011,small_airport,Blimbingsari Airport,112.0,AS,ID,ID-JI,Banyuwangi,WARB,BWX,BWI,"-8.31015, 114.3401"
23641,ID-FOO,small_airport,Kornasoren Airfield,13.0,AS,ID,ID-PA,Kornasoren-Numfoor Island,WABF,FOO,WA23,"-0.936325013638, 134.871994019"
23676,ID-ZGP,medium_airport,Bilogai-Sugapa Airport,7348.0,AS,ID,ID-PA,Sugapa-Papua Island,WABV,UGU,ZGP,"-3.73956, 137.031998"
23776,IDN,small_airport,Indagen Airport,5788.0,OC,PG,PG-MPL,Indagen,AYID,IDN,IGN,"-6.22663, 147.244"
24950,ITK,small_airport,Itokama Airport,2563.0,OC,PG,PG-NPP,Itokama,AYIK,ITK,ITK,"-9.201527, 148.264261"
24960,JJD,medium_airport,Comandante Ariston Pessoa Airport,89.0,SA,BR,BR-CE,Jijoca de Jericoacoara,SBJE,JJD,CE0003,"-2.906425, -40.357338"
24991,JOP,small_airport,Josephstaal Airport,250.0,OC,PG,PG-MPM,Josephstaal,AYJS,JOP,JSL,"-4.74708333333, 145.007083333"
26109,KAQ,small_airport,Kamulai Airport,5800.0,OC,PG,PG-CPM,Kamulai Mission,AYKH,KAQ,KML,"-8.150694444440001, 146.834"
26596,KDP,small_airport,Kandep Airport,7710.0,OC,PG,PG-EPW,Kandep,AYNN,KDP,KDP,"-5.84061111111, 143.507222222"
26600,KDQ,small_airport,Kamberatoro Airport,1350.0,OC,PG,PG-SAN,Kamberatoro Mission,AYTO,KDQ,KTO,"-3.600556, 141.051667"
27019,KEG,small_airport,Keglsugl Airport,8400.0,OC,PG,PG-CPK,Denglagu Mission,AYLG,KEG,KEG,"-5.83277777778, 145.097222222"
27091,KEX,small_airport,Kanabea Airport,4288.0,OC,PG,PG-GPK,Kanabea,AYNB,KEX,KEA,"-7.538888888890001, 145.905"
27399,KGW,small_airport,Kagi Airport,4200.0,OC,PG,PG-CPM,Kagi,AYKQ,KGW,KAGI,"-9.135916666670001, 147.669444444"
27647,KIQ,small_airport,Kira Airport,1700.0,OC,PG,PG-NPP,Kira,AYRA,KIQ,KIRA,"-8.065111111110001, 147.332027778"
27989,KMB,small_airport,Koinambe Airport,3000.0,OC,PG,PG-JI,Konambe,AYON,KMB,KOE,"-5.4875, 144.606944444"
28025,KMF,small_airport,Kamina Airport,2157.0,OC,PG,PG-GPK,Hoieti,AYKD,KMF,KMN,"-7.64925, 145.956944444"
28371,KOM,small_airport,Komo-Manda Airport,5057.0,OC,PG,PG-HE,Komo,AYOO,KOM,KOMO,"-6.0682, 142.8598"
28392,KOR,small_airport,Kakoro(Koroko) Airstrip,230.0,OC,PG,PG-GPK,Kakoro,AYRO,KOR,KKO,"-7.8346666666700004, 146.5335"
28687,KQL,small_airport,Kol Airport,5350.0,OC,PG,PG-JI,Kol,AYOL,KQL,KOL,"-5.73116666667, 144.846"
29785,KRJ,small_airport,Karawari Airstrip,70.0,OC,PG,PG-ESW,Amboin,AYQA,KRJ,KRR,"-4.59666666667, 143.5225"
29829,KRU,small_airport,Kerau Airport,7360.0,OC,PG,PG-CPM,Gunim,AYEA,KRU,KEU,"-8.271612, 147.071899"
30530,KZF,small_airport,Kaintiba Airport,2050.0,OC,PG,PG-GPK,Kaintiba,AYKT,KZF,KNT,"-7.50025, 146.033833333"
31457,LGN,small_airport,Linga Linga Airport,17.0,OC,PG,PG-WBK,Linga Linga,AYLL,LGN,LLA,"-5.5319444444400006, 149.734166667"
31551,LIAP,small_airport,L'Aquila–Preturo Airport,2211.0,EU,IT,IT-65,L'Aquila,LIAP,QAQ,AQ03,"42.379902, 13.3092"
31557,LIBC,medium_airport,Crotone Airport,522.0,EU,IT,IT-78,Crotone,LIBC,CRV,KR01,"38.9972, 17.0802"
31558,LIBD,large_airport,Bari Karol Wojtyła Airport,177.0,EU,IT,IT-75,Bari,LIBD,BRI,BA02,"41.138901, 16.760599"
31559,LIBF,medium_airport,"Foggia ""Gino Lisa"" Airport",265.0,EU,IT,IT-75,Foggia,LIBF,FOG,FG05,"41.432899, 15.535"
31560,LIBG,medium_airport,"Taranto-Grottaglie ""Marcello Arlotta"" Airport",215.0,EU,IT,IT-75,Grottaglie,LIBG,TAR,TA02,"40.517502, 17.4032"
31564,LIBP,medium_airport,Pescara International Airport,48.0,EU,IT,IT-65,Pescara,LIBP,PSR,PE01,"42.431702, 14.1811"
31565,LIBR,medium_airport,Brindisi – Salento Airport,47.0,EU,IT,IT-75,Brindisi,LIBR,BDS,BR03,"40.6576, 17.947001"
31568,LICA,medium_airport,Lamezia Terme Airport,39.0,EU,IT,IT-78,Lamezia Terme (CZ),LICA,SUF,CZ02,"38.905399, 16.2423"
31569,LICB,medium_airport,Comiso Airport,623.0,EU,IT,IT-82,Comiso,LICB,CIY,RG06,"36.994601, 14.607182"
31570,LICC,large_airport,Catania-Fontanarossa Airport,39.0,EU,IT,IT-82,Catania,LICC,CTA,CT03,"37.466801, 15.0664"
31571,LICD,medium_airport,Lampedusa Airport,70.0,EU,IT,IT-82,Lampedusa,LICD,LMP,AG01,"35.497898, 12.6181"
31572,LICG,medium_airport,Pantelleria Airport,628.0,EU,IT,IT-82,Pantelleria (TP),LICG,PNL,TP02,"36.816502, 11.9689"
31573,LICJ,large_airport,Falcone–Borsellino Airport,65.0,EU,IT,IT-82,Palermo,LICJ,PMO,PA03,"38.175999, 13.091"
31576,LICR,medium_airport,Reggio Calabria Airport,96.0,EU,IT,IT-78,Reggio Calabria,LICR,REG,RC01,"38.071201, 15.6516"
31577,LICT,medium_airport,Vincenzo Florio Airport Trapani-Birgi,25.0,EU,IT,IT-82,Trapani (TP),LICT,TPS,TP01,"37.9114, 12.488"
31578,LICZ,medium_airport,Sigonella Navy Air Base,79.0,EU,IT,IT-82,Sigonella (CT),LICZ,NSY,CT04,"37.401699, 14.9224"
31580,LIDB,small_airport,Belluno Airport,1240.0,EU,IT,IT-34,Belluno (BL),LIDB,BLX,BL05,"46.166549, 12.250389"
31591,LIDR,small_airport,Ravenna Airport,1.0,EU,IT,IT-45,Ravenna,LIDR,RAN,RA06,"44.36391, 12.224978"
31596,LIEA,medium_airport,Alghero-Fertilia Airport,87.0,EU,IT,IT-88,Alghero,LIEA,AHO,SS02,"40.632099, 8.29077"
31597,LIED,medium_airport,Decimomannu Air Base,100.0,EU,IT,IT-88,Decimomannu,LIED,DCI,CA12,"39.354198, 8.97248"
31598,LIEE,large_airport,Cagliari Elmas Airport,13.0,EU,IT,IT-88,Cagliari,LIEE,CAG,CA07,"39.251499, 9.05428"
31599,LIEO,medium_airport,Olbia Costa Smeralda Airport,37.0,EU,IT,IT-88,Olbia (SS),LIEO,OLB,SS03,"40.898701, 9.51763"
31600,LIER,small_airport,Oristano-Fenosu Airport,36.0,EU,IT,IT-88,Oristano,LIER,FNU,OR01,"39.895308, 8.642661"
31601,LIET,medium_airport,Tortolì Airport,23.0,EU,IT,IT-88,Arbatax,LIET,TTB,NU01,"39.9188, 9.68298"
31620,LIMC,large_airport,Malpensa International Airport,768.0,EU,IT,IT-25,Milan,LIMC,MXP,MI12,"45.6306, 8.72811"
31621,LIME,large_airport,Il Caravaggio International Airport,782.0,EU,IT,IT-25,Bergamo,LIME,BGY,BG01,"45.673901, 9.70417"
31622,LIMF,large_airport,Turin Airport,989.0,EU,IT,IT-21,Torino,LIMF,TRN,TO11,"45.200802, 7.64963"
31623,LIMG,medium_airport,Villanova D'Albenga International Airport,148.0,EU,IT,IT-42,Albenga (SV),LIMG,ALL,SV01,"44.050598, 8.12743"
31624,LIMJ,large_airport,Genoa Cristoforo Colombo Airport,13.0,EU,IT,IT-42,Genova,LIMJ,GOA,GE01,"44.4133, 8.8375"
31625,LIML,large_airport,Milano Linate Airport,353.0,EU,IT,IT-25,Milan,LIML,LIN,MI11,"45.445099, 9.27674"
31627,LIMP,medium_airport,Parma Airport,161.0,EU,IT,IT-45,Parma,LIMP,PMF,PR03,"44.824501, 10.2964"
31630,LIMW,medium_airport,Aosta Airport,1791.0,EU,IT,IT-23,Aosta,LIMW,AOT,AO01,"45.738499, 7.36872"
31631,LIMZ,medium_airport,Cuneo International Airport,1267.0,EU,IT,IT-21,Cuneo,LIMZ,CUF,CN03,"44.547001, 7.62322"
31634,LIPA,medium_airport,Aviano Air Base,410.0,EU,IT,IT-36,Aviano (PN),LIPA,AVB,PN07,"46.031898, 12.596503"
31635,LIPB,medium_airport,Bolzano Airport,789.0,EU,IT,IT-32,Bolzano,LIPB,BZO,BZ01,"46.460201, 11.3264"
31637,LIPD,small_airport,Udine-Campoformido Air Base,305.0,EU,IT,IT-36,Udine,LIPD,UDN,UD07,"46.0322, 13.1868"
31638,LIPE,large_airport,Bologna Guglielmo Marconi Airport,123.0,EU,IT,IT-45,Bologna,LIPE,BLQ,BO08,"44.5354, 11.2887"
31641,LIPH,large_airport,Treviso-Sant'Angelo Airport,59.0,EU,IT,IT-34,Treviso,LIPH,TSF,TV01,"45.648399, 12.1944"
31643,LIPK,medium_airport,Forlì Airport,97.0,EU,IT,IT-45,Forlì (FC),LIPK,FRL,FC03,"44.194801, 12.0701"
31647,LIPO,medium_airport,Brescia Airport,355.0,EU,IT,IT-25,Montichiari (BS),LIPO,VBS,BS04,"45.428902, 10.3306"
31648,LIPQ,medium_airport,Trieste–Friuli Venezia Giulia Airport,39.0,EU,IT,IT-36,Trieste,LIPQ,TRS,GO02,"45.827499, 13.4722"
31649,LIPR,medium_airport,Federico Fellini International Airport,40.0,EU,IT,IT-45,Rimini,LIPR,RMI,RN01,"44.020302, 12.6117"
31652,LIPU,medium_airport,Padova Airport,44.0,EU,IT,IT-34,Padova,LIPU,QPA,PD11,"45.395802, 11.8479"
31654,LIPX,large_airport,Verona Villafranca Airport,239.0,EU,IT,IT-34,Verona,LIPX,VRN,VR10,"45.395699, 10.8885"
31655,LIPY,medium_airport,Ancona Falconara Airport,49.0,EU,IT,IT-57,Ancona,LIPY,AOI,AN01,"43.616299, 13.3623"
31656,LIPZ,large_airport,Venice Marco Polo Airport,7.0,EU,IT,IT-34,Venice,LIPZ,VCE,VE05,"45.505299, 12.3519"
31659,LIQL,small_airport,Lucca-Tassignano Airport,39.0,EU,IT,IT-52,Lucca,LIQL,LCV,LU02,"43.825825, 10.577928"
31660,LIQN,small_airport,Rieti Airport,1278.0,EU,IT,IT-62,Rieti,LIQN,QRT,RI01,"42.4272, 12.8517"
31661,LIQS,medium_airport,Siena-Ampugnano Airport,634.0,EU,IT,IT-52,Siena,LIQS,SAY,SI01,"43.256302, 11.255"
31662,LIQW,medium_airport,Sarzana-Luni Air Base,45.0,EU,IT,IT-42,Sarzana (SP),LIQW,QLP,SP01,"44.088001, 9.98795"
31663,LIRA,large_airport,Ciampino–G. B. Pastine International Airport,427.0,EU,IT,IT-62,Rome,LIRA,CIA,RM12,"41.7994, 12.5949"
31666,LIRF,large_airport,Leonardo da Vinci–Fiumicino Airport,13.0,EU,IT,IT-62,Rome,LIRF,FCO,RM11,"41.8002778, 12.2388889"
31669,LIRI,medium_airport,Salerno Costa d'Amalfi Airport,119.0,EU,IT,IT-72,Salerno,LIRI,QSR,SA02,"40.620399, 14.9113"
31670,LIRJ,medium_airport,Marina Di Campo Airport,31.0,EU,IT,IT-52,Marina  Di Campo,LIRJ,EBA,LI04,"42.7603, 10.2394"
31671,LIRL,medium_airport,Latina Air Base,94.0,EU,IT,IT-62,Latina,LIRL,QLT,LT02,"41.5424, 12.909"
31673,LIRN,large_airport,Naples International Airport,294.0,EU,IT,IT-72,Nápoli,LIRN,NAP,NA01,"40.886002, 14.2908"
31674,LIRP,large_airport,Pisa International Airport,6.0,EU,IT,IT-52,Pisa,LIRP,PSA,PI05,"43.683899, 10.3927"
31675,LIRQ,medium_airport,Peretola Airport,142.0,EU,IT,IT-52,Firenze,LIRQ,FLR,FI04,"43.810001, 11.2051"
31676,LIRS,medium_airport,Grosseto Air Base,17.0,EU,IT,IT-52,Grosetto,LIRS,GRS,GR06,"42.759701, 11.0719"
31679,LIRZ,medium_airport,Perugia San Francesco d'Assisi – Umbria International Airport,697.0,EU,IT,IT-55,Perugia,LIRZ,PEG,PG10,"43.095901, 12.5132"
32375,LT86,small_airport,Imroz Airport,73.0,AS,TR,TR-17,Gökçeada,LTFK,GKD,LTFK,"40.204498, 25.883301"
32951,MG-0001,small_airport,Ambohibary Airport,2960.0,AF,MG,MG-A,Moramanga,FMFE,OHB,OMB,"-18.9175, 48.2181944444"
33151,MHY,small_airport,Morehead Airport,100.0,OC,PG,PG-WPD,Morehead,AYEH,MHY,MHD,"-8.71411111111, 141.644444444"
33260,MKN,small_airport,Malekolon Airport,5.0,OC,PG,PG-NIK,Babase Island,AYMV,MKN,MKO,"-4.02343055556, 153.657277778"
33265,MLIP,small_airport,Mili Island Airport,4.0,OC,MH,MH-MIL,Mili Island,MLIP,MIJ,1Q9,"6.08333, 171.733002"
33267,MLQ,small_airport,Malalaua Airport,20.0,OC,PG,PG-GPK,Malalaua,AYMP,MLQ,MLU,"-8.07138888889, 146.155472222"
33415,MMV,small_airport,Mal Airport,6.0,OC,PG,PG-ESW,Mal Island,AYMM,MMV,MAL,"-1.394444, 144.171111"
33680,MPG,small_airport,Makini Airport,2530.0,OC,PG,PG-MPL,Makini,AYMJ,MPG,MAK,"-6.532222222220001, 147.651166667"
33691,MPU,small_airport,Mapua(Mabua) Airport,40.0,OC,PG,PG-NIK,Tatau Island,AYMZ,MPU,MBU,"-2.81138888889, 151.991111111"
33694,MPX,small_airport,Miyanmin Airport,2500.0,OC,PG,PG-SAN,Miyanmin,AYIY,MPX,MIM,"-4.903055555560001, 141.620833333"
33696,MQO,small_airport,Malam Airport,126.0,OC,PG,PG-WPD,Malam,AYMQ,MQO,MAA,"-8.70916666667, 142.649722222"
35268,MXK,small_airport,Mindik Airport,4200.0,OC,PG,PG-MPL,Mindik,AYMI,MXK,MIK,"-6.47166666667, 147.441138889"
35420,MYX,small_airport,Menyamya Airport,3880.0,OC,PG,PG-MPL,Menyamya,AYMC,MYX,MYY,"-7.21166666667, 146.019361111"
35924,NDI,small_airport,Namudi Airport,1044.0,OC,PG,PG-NPP,Namudi,AYNJ,NDI,NAM,"-9.47375, 148.329416667"
35925,NDN,small_airport,Nadunumu Airport,5100.0,OC,PG,PG-CPM,Nadunumu,AYNC,NDN,NDM,"-9.14355555556, 147.68425"
36579,NSAS,small_airport,Ofu Village Airport,9.0,OC,AS,AS-U-A,Ofu Village,NSAS,OFU,Z08,"-14.1844, -169.669998"
36583,NSFQ,medium_airport,Fitiuta Airport,110.0,OC,AS,AS-U-A,Fitiuta Village,NSFQ,FTI,FAQ,"-14.2172, -169.425003"
36585,NSTU,medium_airport,Pago Pago International Airport,32.0,OC,AS,AS-U-A,Pago Pago,NSTU,PPG,PPG,"-14.3310003281, -170.710006714"
36642,NUG,small_airport,Nuguria Airstrip,30.0,OC,PG,PG-NIK,Nuguria Island,AYNI,NUG,NGA,"-3.4075, 154.7383"
36746,NWT,small_airport,Nowata Airport,2040.0,OC,PG,PG-MBA,Nowata,AYNW,NWT,NTA,"-9.984166666669998, 149.729166667"
37506,OIBI,closed,Asaloyeh Airport,15.0,AS,IR,IR-06,Asaloyeh,OIBI,YEH,OI15,"27.4814, 52.615501"
37714,OKV,small_airport,Okao Airport,450.0,OC,PG,PG-WPD,Okao,AYOF,OKV,OKO,"-5.55666666667, 141.032777778"
37740,OLQ,small_airport,Olsobip Airport,1500.0,OC,PG,PG-WPD,Olsobip,AYOV,OLQ,OLS,"-5.3897222222200005, 141.515277778"
37775,ONB,small_airport,Ononge Airport,5800.0,OC,PG,PG-CPM,Onange Mission,AYQQ,ONB,ONG,"-8.67436111111, 147.262416667"
37804,OP17,small_airport,Dadu West Airport,128.0,AS,PK,PK-SD,Dadu,OP17,DDU,OP17,"26.740800857543945, 67.6666030883789"
38014,ORSU,medium_airport,Sulaymaniyah International Airport,2494.0,AS,IQ,IQ-SW,Sulaymaniyah,ORSU,ISU,OSO,"35.5617485046, 45.316738128699996"
38041,OSE,small_airport,Omora Airport,2540.0,OC,PG,PG-MPL,Omora,AYOM,OSE,OOA,"-7.82777777778, 147.080638889"
38042,OSG,small_airport,Ossima Airport,205.0,OC,PG,PG-SAN,Ossima,AYZS,OSG,OSA,"-2.91555555556, 141.297305556"
38431,PDI,small_airport,Pindiu Airport,2995.0,OC,PG,PG-MPL,Pindiu,AYPD,PDI,PDU,"-6.445138888890001, 147.515833333"
38432,PDR,small_airport,Presidente José Sarney Airport,400.0,SA,BR,BR-MA,Presidente Dutra,SJKE,PDR,SJKE,"-5.3098, -44.481"
38468,PG-0006,small_airport,Emirau Airport,172.0,OC,PG,PG-NIK,Emirau Island,AYEE,EMI,ERU,"-1.653949991, 149.9757667"
38469,PG-0007,small_airport,Erave Airport,3650.0,OC,PG,PG-SHM,Erave,AYEV,ERE,ERV,"-6.60646315446, 143.900213242"
38471,PG-0009,small_airport,Garaina Airport,2497.0,OC,PG,PG-MPL,Garaina,AYGI,GAR,GNA,"-7.875625027460001, 147.141265869"
38473,PG-0011,small_airport,Gonaili Airport,40.0,OC,PG,PG-EBR,Gonaili,AYGL,GOE,GON,"-5.527716614, 151.5733333"
38482,PG-0020,small_airport,Bapi Airstrip,2930.0,OC,PG,PG-MPL,Bapi,AYBP,BPD,BAPI,"-7.743611111110001, 147.020555556"
38484,PG-0022,small_airport,Biangabip Airport,1069.0,OC,PG,PG-WPD,Biangabip,AYBQ,BPK,BIP,"-5.526388888890001, 141.744583333"
38500,PG-0038,small_airport,Sengapi Airstrip,6242.0,OC,PG,PG-MPM,Sengapi,AYSK,SGK,SNI,"-5.12583333333, 144.323611111"
38510,PG-0048,small_airport,Kibuli Airstrip,54.0,OC,PG,PG-GPK,Kibuli,AYLI,KII,KBL,"-9.006528, 142.698056"
38556,PG-AKG,small_airport,Anguganak Airport,937.0,OC,PG,PG-SAN,Anguganak,AYGU,AKG,AGK,"-3.560504, 142.217307"
38557,PG-ATP,small_airport,Tadji Airport,33.0,OC,PG,PG-SAN,Aitape,AYTJ,TAJ,TAD,"-3.19819180354, 142.430963516"
38558,PG-AWB,small_airport,Awaba Airport,32.0,OC,PG,PG-WPD,Awaba,AYAW,AWB,AWB,"-8.00611019135, 142.748352051"
38559,PG-BAA,small_airport,Bialla Airport,51.0,OC,PG,PG-WBK,"Bialla, Matalilu, Ewase",AYBL,BAA,BIA,"-5.3305602073700005, 151.007995605"
38560,PG-CVB,small_airport,Chungribu Airport,130.0,OC,PG,PG-MPM,Chungribu,AYCB,CVB,CBU,"-4.806620121, 144.714996338"
38561,PG-GMI,small_airport,Gasmata Island Airport,23.0,OC,PG,PG-WBK,Gasmata Island,AYGT,GMI,GMA,"-6.27111005783, 150.330993652"
38562,PG-GVI,small_airport,Green River Airport,281.0,OC,PG,PG-SAN,Green River,AYGV,GVI,GRN,"-3.9022428989400004, 141.170516968"
38563,PG-HYF,small_airport,Hayfields Airport,466.0,OC,PG,PG-ESW,Bainyik,AYHF,HYF,HFD,"-3.69838, 143.057902"
38564,PG-IHU,small_airport,Ihu Airport,70.0,OC,PG,PG-GPK,Ihu,AYIH,IHU,IHU,"-7.8975601196300005, 145.395996094"
38565,PG-IIS,small_airport,Nissan Island Airport,52.0,OC,PG,PG-NSB,Nissan Island,AYIA,IIS,NIS,"-4.49972009659, 154.225997925"
38566,PG-JAQ,small_airport,Jacquinot Bay Airport,136.0,OC,PG,PG-EBR,Jacquinot Bay,AYJB,JAQ,JCB,"-5.65250015259, 151.507003784"
38567,PG-KDR,small_airport,Kandrian Airport,280.0,OC,PG,PG-WBK,Kandrian,AYKC,KDR,KDR,"-6.19217, 149.54783"
38568,PG-KKD,small_airport,Kokoda Airport,1240.0,OC,PG,PG-NPP,Kokoda,AYKO,KKD,KOK,"-8.88467884064, 147.730957031"
38569,PG-KUY,small_airport,Kamusi Airport,97.0,OC,PG,PG-WPD,Kamusi,AYKS,KUY,KSI,"-7.420347, 143.121811"
38570,PG-KWO,small_airport,Kawito Airport,72.0,OC,PG,PG-WPD,Kawito,AYKW,KWO,KWT,"-7.977006912229999, 142.823577881"
38572,PG-LMI,small_airport,Lumi Airport,1750.0,OC,PG,PG-SAN,Lumi,AYLU,LMI,LUMI,"-3.47683951134, 142.041292191"
38573,PG-LMY,small_airport,Lake Murray Airport,52.0,OC,PG,PG-WPD,Lake Murray,AYLM,LMY,LKM,"-7.00992012024, 141.494003296"
38574,PG-OBX,small_airport,Obo Airport,29.0,OC,PG,PG-WPD,Obo,AYOB,OBX,OBO,"-7.590622421369999, 141.324262619"
38575,PG-OPU,medium_airport,Balimo Airport,51.0,OC,PG,PG-WPD,Balimo,AYBM,OPU,BLI,"-8.05000019073, 142.932998657"
38576,PG-SKC,small_airport,Suki Airport,24.0,OC,PG,PG-WPD,Suki,AYSU,SKC,SUKI,"-8.0466, 141.7222"
38577,PG-TFI,small_airport,Tufi Airport,85.0,OC,PG,PG-NPP,Tufi,AYTU,TFI,TUFI,"-9.07595443726, 149.319839478"
38578,PG-TFM,small_airport,Telefomin Airport,4950.0,OC,PG,PG-WPD,Telefomin,AYTE,TFM,TLF,"-5.126080464149999, 141.641921997"
38579,PG-TLO,small_airport,Tol Airport,49.0,OC,PG,PG-EBR,Tol,AYXO,TLO,TOL,"-4.98083019257, 152.009994507"
38580,PG-UKU,small_airport,Nuku Airport,870.0,OC,PG,PG-SAN,Nuku,AYNU,UKU,NUKU,"-3.676651, 142.484334"
38582,PG-VMU,medium_airport,Baimuru Airport,27.0,OC,PG,PG-GPK,Baimuru,AYBA,VMU,BMU,"-7.49686002731, 144.819900513"
38583,PG-WPM,small_airport,Wipim Airport,173.0,OC,PG,PG-WPD,Wipim,AYXP,WPM,WPM,"-8.788220405579999, 142.882003784"
38587,PGRO,medium_airport,Rota International Airport,607.0,OC,MP,MP-U-A,Rota Island,PGRO,ROP,GRO,"14.174300193786621, 145.2429962158203"
38588,PGSN,medium_airport,Saipan International Airport,215.0,OC,MP,MP-U-A,Saipan Island,PGSN,SPN,GSN,"15.119, 145.729004"
38589,PGUA,medium_airport,Andersen Air Force Base,627.0,OC,GU,GU-U-A,"Yigo, Mariana Island",PGUA,UAM,UAM,"13.584, 144.929998"
38590,PGUM,large_airport,Antonio B. Won Pat International Airport,298.0,OC,GU,GU-U-A,"Hagåtña, Guam International Airport",PGUM,GUM,GUM,"13.4834003448, 144.796005249"
38591,PGWT,medium_airport,Tinian International Airport,271.0,OC,MP,MP-U-A,Tinian Island,PGWT,TIQ,TNI,"14.999199867248535, 145.61900329589844"
38782,PK-0001,large_airport,New Islamabad International Airport,1646.0,AS,PK,PK-PB,Islamabad,OPIS,ISB,OPIS,"33.560713, 72.851613"
38816,PKMJ,medium_airport,Marshall Islands International Airport,6.0,OC,MH,MH-MAJ,Majuro Atoll,PKMJ,MAJ,MAJ,"7.064760208129883, 171.27200317382812"
38819,PKWA,medium_airport,Bucholz Army Air Field,9.0,OC,MH,MH-KWA,Kwajalein,PKWA,KWA,KWA,"8.720120429992676, 167.73199462890625"
38985,PLE,small_airport,Paiela Airport,6100.0,OC,PG,PG-EPW,Paiela,AYPB,PLE,PAL,"-5.3725, 142.976111111"
38990,PMDY,medium_airport,Henderson Field,13.0,OC,UM,UM-71,Sand Island,PMDY,MDY,MDY,"28.20170021057129, -177.38099670410156"
38992,PMP,small_airport,Pimaga Airport,2745.0,OC,PG,PG-SHM,Pimaga,AYPJ,PMP,PAG,"-6.49916666667, 143.510277778"
39356,PTKK,medium_airport,Chuuk International Airport,11.0,OC,FM,FM-TRK,Weno Island,PTKK,TKK,TKK,"7.461870193481445, 151.84300231933594"
39357,PTPN,medium_airport,Pohnpei International Airport,10.0,OC,FM,FM-PNI,Pohnpei Island,PTPN,PNI,PNI,"6.985099792480469, 158.20899963378906"
39358,PTRO,medium_airport,Babelthuap Airport,176.0,OC,PW,PW-004,Babelthuap Island,PTRO,ROR,ROR,"7.36731, 134.544236"
39359,PTSA,medium_airport,Kosrae International Airport,11.0,OC,FM,FM-KSA,Okat,PTSA,KSA,TTK,"5.35698, 162.957993"
39360,PTYA,medium_airport,Yap International Airport,91.0,OC,FM,FM-YAP,Yap Island,PTYA,YAP,T11,"9.49891, 138.082993"
39363,PWAK,medium_airport,Wake Island Airfield,14.0,OC,UM,UM-79,Wake Island,PWAK,AWK,AWK,"19.282100677490234, 166.63600158691406"
39423,RBP,small_airport,Raba Raba Airport,170.0,OC,PG,PG-MBA,Rabaraba,AYRE,RBP,RBA,"-9.97111111111, 149.832222222"
39926,RKTP,small_airport,Seosan Air Base,39.0,AS,KR,KR-44,Seosan,RKTP,HMY,RK6U,"36.703999, 126.486"
39931,RKU,small_airport,Kairuku Airport,45.0,OC,PG,PG-CPM,Yule Island,AYRK,RKU,KKU,"-8.817000054, 146.5243833"
40069,RPVA,medium_airport,Daniel Z. Romualdez Airport,10.0,AS,PH,PH-LEY,Tacloban City,RPVA,TAC,DZR,"11.228035, 125.027761"
40789,SA14,small_airport,Miramar Airport,42.0,SA,AR,AR-B,Miramar,SAEM,MJR,IRA,"-38.2271, -57.8697"
40803,SA30,closed,Colonia Catriel Airport,1026.0,SA,AR,AR-R,Colonia Catriel,SA30,CCT,CLT,"-37.9101982117, -67.8349990845"
40820,SAAC,medium_airport,Comodoro Pierrestegui Airport,112.0,SA,AR,AR-E,Concordia,SAAC,COC,DIA,"-31.2969, -57.9966"
40821,SAAG,medium_airport,Gualeguaychu Airport,75.0,SA,AR,AR-E,Gualeguaychu,SAAG,GHU,GUA,"-33.0103, -58.6131"
40823,SAAJ,small_airport,Junin Airport,262.0,SA,AR,AR-B,Junin,SAAJ,JNI,NIN,"-34.5459, -60.9306"
40826,SAAP,medium_airport,General Urquiza Airport,242.0,SA,AR,AR-E,Parana,SAAP,PRA,PAR,"-31.7948, -60.4804"
40827,SAAR,medium_airport,Islas Malvinas Airport,85.0,SA,AR,AR-S,Rosario,SAAR,ROS,ROS,"-32.9036, -60.785"
40829,SAAV,medium_airport,Sauce Viejo Airport,55.0,SA,AR,AR-S,Santa Fe,SAAV,SFN,SVO,"-31.7117, -60.8117"
40830,SABE,medium_airport,Jorge Newbery Airpark,18.0,SA,AR,AR-C,Buenos Aires,SABE,AEP,AER,"-34.5592, -58.4156"
40832,SACC,small_airport,La Cumbre Airport,3733.0,SA,AR,AR-X,La Cumbre,SACC,LCM,CUM,"-31.005800247199996, -64.5318984985"
40839,SACO,medium_airport,Ingeniero Ambrosio Taravella Airport,1604.0,SA,AR,AR-X,Cordoba,SACO,COR,CBA,"-31.323601, -64.208"
40846,SADF,medium_airport,San Fernando Airport,10.0,SA,AR,AR-B,San Fernando,SADF,FDO,FDO,"-34.4532, -58.5896"
40849,SADL,medium_airport,La Plata Airport,72.0,SA,AR,AR-B,La Plata,SADL,LPG,PTA,"-34.9722, -57.8947"
40852,SADP,medium_airport,El Palomar Airport,59.0,SA,AR,AR-B,El Palomar,SADP,EPA,PAL,"-34.6099, -58.6126"
40860,SAEZ,large_airport,Ministro Pistarini International Airport,67.0,SA,AR,AR-B,Buenos Aires,SAEZ,EZE,EZE,"-34.8222, -58.5358"
40861,SAFR,small_airport,Rafaela Airport,325.0,SA,AR,AR-S,Rafaela,SAFR,RAF,RLA,"-31.2825, -61.5017"
40863,SAHC,small_airport,Chos Malal Airport,2788.0,SA,AR,AR-Q,Chos Malal,SAHC,HOS,CHM,"-37.444698333699996, -70.2225036621"
40864,SAHE,small_airport,Caviahue Airport,5435.0,SA,AR,AR-Q,Lafontaine,SAHE,CVH,CVH,"-37.851398, -71.009201"
40865,SAHR,small_airport,Dr. Arturo H. Illia Airport,852.0,SA,AR,AR-R,General Roca,SAHR,GNR,GNR,"-39.0007019043, -67.6204986572"
40866,SAHS,medium_airport,Rincon De Los Sauces Airport,1968.0,SA,AR,AR-Q,Rincon de los Sauces,SAHS,RDS,RIN,"-37.3905982971, -68.9041976929"
40867,SAHZ,medium_airport,Zapala Airport,3330.0,SA,AR,AR-Q,Zapala,SAHZ,APZ,ZAP,"-38.975498, -70.113602"
40871,SAME,medium_airport,El Plumerillo Airport,2310.0,SA,AR,AR-M,Mendoza,SAME,MDZ,DOZ,"-32.8316993713, -68.7929000854"
40875,SAMM,medium_airport,Comodoro D.R. Salomón Airport,4685.0,SA,AR,AR-M,Malargue,SAMM,LGS,MLG,"-35.493598938, -69.5743026733"
40878,SAMR,medium_airport,Suboficial Ay Santiago Germano Airport,2470.0,SA,AR,AR-M,San Rafael,SAMR,AFA,SRA,"-34.588299, -68.4039"
40881,SANC,medium_airport,Catamarca Airport,1522.0,SA,AR,AR-K,Catamarca,SANC,CTC,CAT,"-28.5956001282, -65.751701355"
40883,SANE,medium_airport,Vicecomodoro Angel D. La Paz Aragonés Airport,656.0,SA,AR,AR-G,Santiago del Estero,SANE,SDE,SDE,"-27.765556335399996, -64.3099975586"
40886,SANL,medium_airport,Capitan V A Almonacid Airport,1437.0,SA,AR,AR-F,La Rioja,SANL,IRJ,LAR,"-29.3815994263, -66.7957992554"
40888,SANR,medium_airport,Termas de Río Hondo international Airport,935.0,SA,AR,AR-G,Termas de Río Hondo,SANR,RHD,TRH,"-27.4966, -64.93595"
40889,SANT,medium_airport,Teniente Benjamin Matienzo Airport,1493.0,SA,AR,AR-T,San Miguel de Tucumán,SANT,TUC,TUC,"-26.8409, -65.104897"
40890,SANU,medium_airport,Domingo Faustino Sarmiento Airport,1958.0,SA,AR,AR-J,San Juan,SANU,UAQ,JUA,"-31.571501, -68.418198"
40891,SANW,small_airport,Ceres Airport,285.0,SA,AR,AR-S,Ceres,SANW,CRR,ERE,"-29.872292, -61.927925"
40892,SAOC,medium_airport,Area De Material Airport,1380.0,SA,AR,AR-X,Rio Cuarto,SAOC,RCU,TRC,"-33.0850982666, -64.2612991333"
40893,SAOD,medium_airport,Villa Dolores Airport,1847.0,SA,AR,AR-X,Villa Dolores,SAOD,VDR,LDR,"-31.9451999664, -65.1463012695"
40897,SAOR,medium_airport,Villa Reynolds Airport,1591.0,SA,AR,AR-D,Villa Mercedes,SAOR,VME,RYD,"-33.7299003601, -65.3873977661"
40898,SAOS,small_airport,Valle Del Conlara International Airport,2021.0,SA,AR,AR-D,Merlo,SAOS,RLO,SRC,"-32.3847007751, -65.1865005493"
40899,SAOU,medium_airport,Brigadier Mayor D Cesar Raul Ojeda Airport,2328.0,SA,AR,AR-D,San Luis,SAOU,LUQ,UIS,"-33.2732009888, -66.3563995361"
40901,SARC,medium_airport,Corrientes Airport,202.0,SA,AR,AR-W,Corrientes,SARC,CNQ,CRR,"-27.4455, -58.7619"
40903,SARE,medium_airport,Resistencia International Airport,173.0,SA,AR,AR-H,Resistencia,SARE,RES,SIS,"-27.45, -59.0561"
40904,SARF,medium_airport,Formosa Airport,193.0,SA,AR,AR-P,Formosa,SARF,FMA,FSA,"-26.2127, -58.2281"
40906,SARI,medium_airport,Cataratas Del Iguazú International Airport,916.0,SA,AR,AR-N,Puerto Iguazu,SARI,IGR,IGU,"-25.737301, -54.4734"
40907,SARL,medium_airport,Paso De Los Libres Airport,230.0,SA,AR,AR-W,Paso de los Libres,SARL,AOL,LIB,"-29.6894, -57.1521"
40908,SARM,medium_airport,Monte Caseros Airport,170.0,SA,AR,AR-W,Monte Caseros,SARM,MCS,MCS,"-30.2719, -57.6402"
40910,SARP,medium_airport,Libertador Gral D Jose De San Martin Airport,430.0,SA,AR,AR-N,Posadas,SARP,PSS,POS,"-27.3858, -55.9707"
40913,SASA,medium_airport,Martin Miguel De Guemes International Airport,4088.0,SA,AR,AR-A,Salta,SASA,SLA,SAL,"-24.856000900299996, -65.4861984253"
40914,SASJ,medium_airport,Gobernador Horacio Guzman International Airport,3019.0,SA,AR,AR-Y,San Salvador de Jujuy,SASJ,JUJ,JUJ,"-24.392799, -65.097801"
40916,SASO,medium_airport,Orán Airport,1171.0,SA,AR,AR-A,Orán,SASO,ORA,ORA,"-23.1527996063, -64.3292007446"
40919,SAST,medium_airport,General Enrique Mosconi Airport,1472.0,SA,AR,AR-A,Tartagal,SAST,TTG,TAR,"-22.619600296, -63.7937011719"
40920,SATC,small_airport,Clorinda Airport,206.0,SA,AR,AR-P,Clorinda,SATC,CLX,CLO,"-25.3036, -57.7344"
40921,SATD,small_airport,El Dorado Airport,685.0,SA,AR,AR-N,El Dorado,SATD,ELO,ELD,"-26.3974990845, -54.5746994019"
40922,SATG,medium_airport,Goya Airport,128.0,SA,AR,AR-W,Goya,SATG,OYA,GOY,"-29.1058, -59.2189"
40924,SATK,small_airport,Alferez Armando Rodriguez Airport,426.0,SA,AR,AR-P,Las Lomitas,SATK,LLS,ITA,"-24.7213993073, -60.5488014221"
40925,SATM,small_airport,Mercedes Airport,358.0,SA,AR,AR-W,Mercedes,SATM,MDX,RCE,"-29.2213993073, -58.0877990723"
40927,SATR,medium_airport,Reconquista Airport,160.0,SA,AR,AR-S,Reconquista,SATR,RCQ,RTA,"-29.2103, -59.68"
40928,SATU,medium_airport,Curuzu Cuatia Airport,229.0,SA,AR,AR-W,Curuzu Cuatia,SATU,UZU,CCA,"-29.7706, -57.9789"
40930,SAVB,medium_airport,El Bolson Airport,1141.0,SA,AR,AR-R,El Bolson,SAVB,EHL,BOL,"-41.9431991577, -71.5323028564"
40931,SAVC,medium_airport,General E. Mosconi Airport,189.0,SA,AR,AR-U,Comodoro Rivadavia,SAVC,CRD,CRV,"-45.7853, -67.4655"
40932,SAVD,small_airport,El Maiten Airport,2355.0,SA,AR,AR-U,El Maiten,SAVD,EMX,EMA,"-42.0292015076, -71.17250061040001"
40933,SAVE,medium_airport,Brigadier Antonio Parodi Airport,2621.0,SA,AR,AR-U,Esquel,SAVE,EQS,ESQ,"-42.908000946, -71.139503479"
40934,SAVH,medium_airport,Las Heras Airport,1082.0,SA,AR,AR-Z,Las Heras,SAVH,LHS,CLH,"-46.53829956049999, -68.9653015137"
40935,SAVJ,small_airport,Cabo F.A.A. H. R. Bordón Airport,2925.0,SA,AR,AR-R,Ingeniero Jacobacci,SAVJ,IGB,IJC,"-41.320899963399995, -69.5748977661"
40937,SAVN,small_airport,Antoine de Saint Exupéry Airport,85.0,SA,AR,AR-R,San Antonio Oeste,SAVN,OES,SAN,"-40.7512, -65.0343"
40940,SAVQ,small_airport,Maquinchao Airport,2912.0,SA,AR,AR-R,Maquinchao,SAVQ,MQD,MAQ,"-41.2430992126, -68.7078018188"
40941,SAVR,small_airport,D. Casimiro Szlapelis Airport,2286.0,SA,AR,AR-U,Alto Rio Senguerr,SAVR,ARR,ARS,"-45.013599, -70.812202"
40942,SAVS,small_airport,Sierra Grande Airport,688.0,SA,AR,AR-R,Sierra Grande,SAVS,SGV,SGR,"-41.5917015076, -65.33940124509999"
40943,SAVT,medium_airport,Almirante Marco Andres Zar Airport,141.0,SA,AR,AR-U,Rawson,SAVT,REL,TRE,"-43.2105, -65.2703"
40944,SAVV,medium_airport,Gobernador Castello Airport,20.0,SA,AR,AR-R,Viedma / Carmen de Patagones,SAVV,VDM,VIE,"-40.8692, -63.0004"
40945,SAVY,medium_airport,El Tehuelche Airport,427.0,SA,AR,AR-U,Puerto Madryn,SAVY,PMY,DRY,"-42.7592, -65.1027"
40948,SAWC,medium_airport,El Calafate Airport,669.0,SA,AR,AR-Z,El Calafate,SAWC,FTE,ECA,"-50.2803, -72.053101"
40949,SAWD,medium_airport,Puerto Deseado Airport,268.0,SA,AR,AR-Z,Puerto Deseado,SAWD,PUD,ADO,"-47.7353, -65.9041"
40950,SAWE,medium_airport,Hermes Quijada International Airport,65.0,SA,AR,AR-V,Rio Grande,SAWE,RGA,GRA,"-53.7777, -67.7494"
40951,SAWG,medium_airport,Piloto Civil N. Fernández Airport,61.0,SA,AR,AR-Z,Rio Gallegos,SAWG,RGL,GAL,"-51.6089, -69.3126"
40952,SAWH,medium_airport,Malvinas Argentinas Airport,102.0,SA,AR,AR-V,Ushuahia,SAWH,USH,USU,"-54.8433, -68.2958"
40953,SAWJ,medium_airport,Capitan D Daniel Vazquez Airport,203.0,SA,AR,AR-Z,San Julian,SAWJ,ULA,SJU,"-49.3068, -67.8026"
40955,SAWM,small_airport,Rio Mayo Airport,1784.0,SA,AR,AR-U,Rio Mayo,SAWM,ROY,RMY,"-45.703899383499994, -70.2455978394"
40957,SAWP,medium_airport,Perito Moreno Airport,1410.0,SA,AR,AR-Z,Perito Moreno,SAWP,PMQ,PTM,"-46.537899, -70.978699"
40958,SAWR,small_airport,Gobernador Gregores Airport,356.0,SA,AR,AR-Z,Gobernador Gregores,SAWR,GGS,GRE,"-48.7831, -70.150002"
40959,SAWS,small_airport,Jose De San Martin Airport,2407.0,SA,AR,AR-U,Chubut,SAWS,JSM,JSM,"-44.048599243199995, -70.4589004517"
40960,SAWT,small_airport,28 de Noviembre Airport,909.0,SA,AR,AR-Z,Rio Turbio,SAWT,RYO,BIO,"-51.605, -72.2203"
40961,SAWU,medium_airport,Santa Cruz Airport,364.0,SA,AR,AR-Z,Santa Cruz,SAWU,RZA,SCZ,"-50.0165, -68.5792"
40969,SAZB,medium_airport,Comandante Espora Airport,246.0,SA,AR,AR-B,Bahia Blanca,SAZB,BHI,BCA,"-38.725, -62.1693"
40970,SAZC,small_airport,Brigadier D.H.E. Ruiz Airport,767.0,SA,AR,AR-B,Coronel Suarez,SAZC,CSZ,SUZ,"-37.446098, -61.889301"
40973,SAZF,small_airport,Olavarria Airport,551.0,SA,AR,AR-B,Olavarria,SAZF,OVR,OLA,"-36.8899993896, -60.216598510699995"
40974,SAZG,medium_airport,General Pico Airport,459.0,SA,AR,AR-L,General Pico,SAZG,GPO,GPI,"-35.6962013245, -63.7583007812"
40975,SAZH,medium_airport,Tres Arroyos Airport,400.0,SA,AR,AR-B,Tres Arroyos,SAZH,OYO,YOS,"-38.3869, -60.3297"
40979,SAZL,medium_airport,Santa Teresita Airport,9.0,SA,AR,AR-B,Santa Teresita,SAZL,SST,STR,"-36.5423, -56.7218"
40980,SAZM,medium_airport,Ástor Piazzola International Airport,72.0,SA,AR,AR-B,Mar del Plata,SAZM,MDQ,MDP,"-37.9342, -57.5733"
40981,SAZN,medium_airport,Presidente Peron Airport,895.0,SA,AR,AR-Q,Neuquen,SAZN,NQN,NEU,"-38.949001, -68.155701"
40982,SAZO,medium_airport,Necochea Airport,72.0,SA,AR,AR-B,Necochea,SAZO,NEC,NEC,"-38.4831, -58.8172"
40983,SAZP,medium_airport,Comodoro Pedro Zanni Airport,278.0,SA,AR,AR-B,Pehuajó,SAZP,PEH,PEH,"-35.8446, -61.8576"
40985,SAZR,medium_airport,Santa Rosa Airport,630.0,SA,AR,AR-L,Santa Rosa,SAZR,RSA,OSA,"-36.588299, -64.275703"
40986,SAZS,medium_airport,San Carlos De Bariloche Airport,2774.0,SA,AR,AR-R,San Carlos de Bariloche,SAZS,BRC,BAR,"-41.151199, -71.157501"
40987,SAZT,medium_airport,Héroes De Malvinas Airport,574.0,SA,AR,AR-B,Tandil,SAZT,TDL,DIL,"-37.2374000549, -59.2279014587"
40989,SAZV,medium_airport,Villa Gesell Airport,32.0,SA,AR,AR-B,Villa Gesell,SAZV,VLG,GES,"-37.2354, -57.0292"
40990,SAZW,medium_airport,Cutral-Co Airport,2132.0,SA,AR,AR-Q,Cutral-Co,SAZW,CUT,CUT,"-38.939701080300004, -69.2646026611"
40992,SAZY,medium_airport,Aviador C. Campos Airport,2569.0,SA,AR,AR-Q,Chapelco/San Martin de los Andes,SAZY,CPC,CHP,"-40.075401, -71.137299"
41014,SBBP,small_airport,Estadual Arthur Siqueira Airport,2887.0,SA,BR,BR-SP,Bragança Paulista,SBBP,BJP,SBBP,"-22.979162, -46.537508"
41017,SBBT,medium_airport,Chafei Amsei Airport,1898.0,SA,BR,BR-SP,Barretos,SNBA,BAT,SNBA,"-20.584499359131, -48.594100952148"
41059,SBGU,small_airport,Tancredo Thomas de Faria Airport,3494.0,SA,BR,BR-PR,Guarapuava,SSGG,GPB,PR0009,"-25.387501, -51.520199"
41082,SBLN,medium_airport,Lins Airport,1559.0,SA,BR,BR-SP,Lins,SWXQ,LIP,SWXQ,"-21.663999557495, -49.730499267578"
41087,SBMC,medium_airport,Minaçu Airport,1401.0,SA,BR,BR-GO,Minaçu,SWIQ,MQH,SWIQ,"-13.5491, -48.195301"
41111,SBPN,medium_airport,Porto Nacional Airport,870.0,SA,BR,BR-TO,Porto Nacional,SDPE,PNB,TO0003,"-10.719402, -48.3997"
41733,SDAM,small_airport,Amarais Airport,2008.0,SA,BR,BR-SP,Campinas,SDAM,CPQ,SDAM,"-22.85919952392578, -47.10820007324219"
41756,SDBK,small_airport,Botucatu - Tancredo de Almeida Neves Airport,3012.0,SA,BR,BR-SP,Botucatu,SDBK,QCJ,SDBK,"-22.939501, -48.467999"
41778,SDCG,small_airport,Senadora Eunice Micheles Airport,335.0,SA,BR,BR-AM,São Paulo De Olivença,SDCG,OLC,SDCG,"-3.46792950765, -68.9204120636"
41786,SDCO,small_airport,Sorocaba Airport,2077.0,SA,BR,BR-SP,Sorocaba,SDCO,SOD,SDCO,"-23.478001, -47.490002"
41815,SDDR,small_airport,Dracena Airport,1220.0,SA,BR,BR-SP,Dracena,SDDR,QDC,SDDR,"-21.460500717163086, -51.60689926147461"
41928,SDI,small_airport,Saidor Airport,83.0,OC,PG,PG-MPM,Saidor,AYSD,SDI,SDA,"-5.62713888889, 146.462777778"
41966,SDJL,small_airport,Jales Airport,1496.0,SA,BR,BR-SP,Jales,SDJL,JLS,SDJL,"-20.292999267578125, -50.5463981628418"
42022,SDLP,small_airport,Lençóis Paulista Airport,2039.0,SA,BR,BR-SP,Lençóis Paulista,SDLP,QGC,SDLP,"-22.578399658203125, -48.774600982666016"
42082,SDNY,small_airport,Aeroclube Airport,164.0,SA,BR,BR-RJ,Nova Iguaçu,SDNY,QNV,SDNY,"-22.74530029296875, -43.46030044555664"
42103,SDOU,small_airport,Ourinhos Airport,1532.0,SA,BR,BR-SP,Ourinhos,SDOU,OUS,SDOU,"-22.96649932861328, -49.913299560546875"
42105,SDOW,small_airport,Ourilândia do Norte Airport,901.0,SA,BR,BR-PA,Ourilândia do Norte,SDOW,OIA,SDOW,"-6.763100147250001, -51.0499000549"
42131,SDPW,small_airport,Piracicaba Airport,1887.0,SA,BR,BR-SP,Piracicaba,SDPW,QHB,SDPW,"-22.71150016784668, -47.61819839477539"
42178,SDRS,small_airport,Resende Airport,1320.0,SA,BR,BR-RJ,Resende,SDRS,REZ,SDRS,"-22.4785003662, -44.4803009033"
42187,SDSC,small_airport,Mário Pereira Lopes–São Carlos Airport,2649.0,SA,BR,BR-SP,São Carlos,SDSC,QSC,SDSC,"-21.875401, -47.903703"
42232,SDUB,small_airport,Ubatuba Airport,13.0,SA,BR,BR-SP,Ubatuba,SDUB,UBT,SDUB,"-23.441099166870117, -45.075599670410156"
42244,SDUN,small_airport,Itaperuna Airport,410.0,SA,BR,BR-RJ,Itaperuna,SDUN,ITP,SDUN,"-21.219299316399997, -41.8759002686"
42263,SDVG,small_airport,Votuporanga Airport,1667.0,SA,BR,BR-SP,Votuporanga,SDVG,VOT,SDVG,"-20.463199615478516, -50.00450134277344"
42497,SEQM,large_airport,Mariscal Sucre International Airport,7841.0,SA,EC,EC-P,Quito,SEQM,UIO,UIO,"-0.129166666667, -78.3575"
42519,SFU,small_airport,Safia Airport,430.0,OC,PG,PG-NPP,Safia,AYSF,SFU,SFA,"-9.59305555556, 148.636111111"
42970,SIMK,small_airport,Tenente Lund Pressoto Airport,3292.0,SA,BR,BR-SP,Franca,SIMK,FRC,SIMK,"-20.592199, -47.3829"
43278,SIZ,small_airport,Sissano Airport,27.0,OC,PG,PG-SAN,Sissano,AYZN,SIZ,SNO,"-2.99944444444, 142.0445"
44023,SK-008,small_airport,Jurado Airport,2184.0,SA,CO,CO-ANT,Jurado,SKJU,JUO,JUO,"6.516667, -76.6"
44142,SK-131,small_airport,Tauramena Airport,1462.0,SA,CO,CO-CAS,Tauramena,SKTA,TAU,TAU,"5.01281, -72.7424"
44315,SK-307,small_airport,El Refugio/La Macarena Airport,793.0,SA,CO,CO-MET,La Macarena,SKNA,LMC,LMC,"2.1736, -73.7862"
44367,SK-360,small_airport,El Charco Airport,25.0,SA,CO,CO-NAR,El Charco,SKEH,ECR,ECR,"2.44944444444, -78.0941666667"
44525,SK-521,small_airport,La Primavera Airport,390.0,SA,CO,CO-VID,La Primavera,SKIM,LPE,PIM,"5.4776, -70.4212"
44534,SKAC,small_airport,Araracuara Airport,1250.0,SA,CO,CO-CAQ,Araracuara,SKAC,ACR,ACR,"-0.5833, -72.4083"
44535,SKAD,small_airport,Alcides Fernández Airport,50.0,SA,CO,CO-CHO,Acandí,SKAD,ACD,ACD,"8.51667, -77.3"
44537,SKAM,small_airport,Amalfi Airport,5507.0,SA,CO,CO-ANT,Amalfi,SKAM,AFI,AFI,"6.91667, -75.0667"
44539,SKAP,medium_airport,Gomez Nino Apiay Air Base,1207.0,SA,CO,CO-MET,Apiay,SKAP,API,APY,"4.07607, -73.5627"
44540,SKAR,medium_airport,El Eden Airport,3990.0,SA,CO,CO-QUI,Armenia,SKAR,AXM,AXM,"4.45278, -75.7664"
44541,SKAS,medium_airport,Tres De Mayo Airport,815.0,SA,CO,CO-PUT,Puerto Asís,SKAS,PUU,PUU,"0.505228, -76.5008"
44542,SKBC,medium_airport,Las Flores Airport,111.0,SA,CO,CO-MAG,El Banco,SKBC,ELB,ELB,"9.04554, -73.9749"
44544,SKBG,medium_airport,Palonegro Airport,3897.0,SA,CO,CO-SAN,Bucaramanga,SKBG,BGA,BGA,"7.1265, -73.1848"
44546,SKBO,large_airport,El Dorado International Airport,8361.0,SA,CO,CO-CUN,Bogota,SKBO,BOG,BOG,"4.70159, -74.1469"
44547,SKBQ,medium_airport,Ernesto Cortissoz International Airport,98.0,SA,CO,CO-ATL,Barranquilla,SKBQ,BAQ,BAQ,"10.8896, -74.7808"
44549,SKBS,medium_airport,José Celestino Mutis Airport,80.0,SA,CO,CO-CHO,Bahía Solano,SKBS,BSC,BSC,"6.20292, -77.3947"
44550,SKBU,medium_airport,Gerardo Tobar López Airport,48.0,SA,CO,CO-VAC,Buenaventura,SKBU,BUN,BUN,"3.81963, -76.9898"
44551,SKCA,small_airport,Capurganá Airport,49.0,SA,CO,CO-CHO,Capurganá,SKCA,CPB,CPB,"8.63333, -77.35"
44553,SKCC,medium_airport,Camilo Daza International Airport,1096.0,SA,CO,CO-NSA,Cúcuta,SKCC,CUC,CUC,"7.92757, -72.5115"
44554,SKCD,small_airport,Mandinga Airport,213.0,SA,CO,CO-CHO,Condoto,SKCD,COG,COG,"5.08333, -76.7"
44555,SKCG,medium_airport,Rafael Nuñez International Airport,4.0,SA,CO,CO-BOL,Cartagena,SKCG,CTG,CTG,"10.4424, -75.513"
44557,SKCI,small_airport,Carimagua Airport,700.0,SA,CO,CO-MET,Puerto López,SKCI,CCO,CCO,"4.56417, -71.3364"
44558,SKCL,medium_airport,Alfonso Bonilla Aragon International Airport,3162.0,SA,CO,CO-VAC,Cali,SKCL,CLO,CLO,"3.54322, -76.3816"
44559,SKCM,small_airport,Cimitarra Airport,740.0,SA,CO,CO-SAN,Cimitarra,SKCM,CIM,CIM,"6.367, -73.967"
44560,SKCN,small_airport,Cravo Norte Airport,341.0,SA,CO,CO-ARA,Cravo Norte,SKCN,RAV,RAV,"6.31684, -70.2107"
44561,SKCO,medium_airport,La Florida Airport,8.0,SA,CO,CO-NAR,Tumaco,SKCO,TCO,TCO,"1.81442, -78.7492"
44563,SKCR,small_airport,Carurú Airport,820.0,SA,CO,CO-VAU,Carurú,SKCR,CUO,CRU,"1.0136, -71.2961"
44564,SKCU,medium_airport,Juan H White Airport,174.0,SA,CO,CO-ANT,Caucasia,SKCU,CAQ,CAQ,"7.96847, -75.1985"
44565,SKCV,medium_airport,Coveñas Airport,31.0,SA,CO,CO-SUC,Coveñas,SKCV,CVE,CVE,"9.40092, -75.6913"
44566,SKCZ,medium_airport,Las Brujas Airport,528.0,SA,CO,CO-SUC,Corozal,SKCZ,CZU,CZU,"9.33274, -75.2856"
44567,SKEB,medium_airport,El Bagre Airport,180.0,SA,CO,CO-ANT,El Bagre,SKEB,EBG,EBG,"7.59647, -74.8089"
44568,SKEJ,medium_airport,Yariguíes Airport,412.0,SA,CO,CO-SAN,Barrancabermeja,SKEJ,EJA,EJA,"7.02433, -73.8068"
44569,SKFL,medium_airport,Gustavo Artunduaga Paredes Airport,803.0,SA,CO,CO-CAQ,Florencia,SKFL,FLA,FLA,"1.58919, -75.5644"
44571,SKFU,small_airport,Fundación Airport,150.0,SA,CO,CO-MAG,Fundación,SKFU,FDA,FDA,"10.5333, -74.2"
44574,SKGI,medium_airport,Santiago Vila Airport,900.0,SA,CO,CO-CUN,Girardot,SKGI,GIR,GIR,"4.27624, -74.7967"
44575,SKGO,medium_airport,Santa Ana Airport,2979.0,SA,CO,CO-VAC,Cartago,SKGO,CRC,CRC,"4.75818, -75.9557"
44576,SKGP,medium_airport,Juan Casiano Airport,164.0,SA,CO,CO-CAU,Guapi,SKGP,GPI,GPI,"2.57013, -77.8986"
44579,SKHA,small_airport,Chaparral Airport,2730.0,SA,CO,CO-TOL,Chaparral,SKHA,CPL,CPL,"3.717, -75.467"
44580,SKHC,small_airport,Hato Corozal Airport,820.0,SA,CO,CO-CAS,Hato Corozal,SKHC,HTZ,HTZ,"6.15, -71.75"
44581,SKIB,medium_airport,Perales Airport,2999.0,SA,CO,CO-TOL,Ibagué,SKIB,IBE,IBE,"4.42161, -75.1333"
44582,SKIG,small_airport,Chigorodó Airport,110.0,SA,CO,CO-ANT,Chigorodó,SKIG,IGO,IGO,"7.68038, -76.6865"
44584,SKIP,medium_airport,San Luis Airport,9765.0,SA,CO,CO-NAR,Ipiales,SKIP,IPI,IPI,"0.861925, -77.6718"
44587,SKLC,medium_airport,Antonio Roldan Betancourt Airport,46.0,SA,CO,CO-ANT,Carepa,SKLC,APO,APO,"7.81196, -76.7164"
44588,SKLG,small_airport,Caucaya Airport,573.0,SA,CO,CO-PUT,Puerto Leguízamo,SKLG,LQM,LQM,"-0.182278, -74.7708"
44589,SKLM,medium_airport,Jorge Isaac Airport,281.0,SA,CO,CO-LAG,La Mina-Maicao,SKLM,MCJ,LMA,"11.2325, -72.4901"
44590,SKLP,small_airport,La Pedrera Airport,590.0,SA,CO,CO-AMA,La Pedrera,SKLP,LPD,LPD,"-1.32861, -69.5797"
44591,SKLT,medium_airport,Alfredo Vásquez Cobo International Airport,277.0,SA,CO,CO-AMA,Leticia,SKLT,LET,LET,"-4.19355, -69.9432"
44593,SKMD,medium_airport,Enrique Olaya Herrera Airport,4949.0,SA,CO,CO-ANT,Medellín,SKMD,EOH,EOH,"6.220549, -75.590582"
44595,SKMF,small_airport,Miraflores Airport,730.0,SA,CO,CO-GUV,Miraflores,SKMF,MFS,MFS,"1.35, -71.9444"
44596,SKMG,medium_airport,Baracoa Airport,178.0,SA,CO,CO-BOL,Magangué,SKMG,MGN,MGN,"9.28474, -74.8461"
44598,SKML,small_airport,Montelibano Airport,160.0,SA,CO,CO-COR,Montelíbano,SKML,MTB,MTB,"7.97174, -75.4325"
44601,SKMR,medium_airport,Los Garzones Airport,36.0,SA,CO,CO-COR,Montería,SKMR,MTR,MTR,"8.82374, -75.8258"
44602,SKMU,medium_airport,Fabio Alberto Leon Bentley Airport,680.0,SA,CO,CO-VAU,Mitú,SKMU,MVP,MVP,"1.25366, -70.2339"
44603,SKMZ,medium_airport,La Nubia Airport,6871.0,SA,CO,CO-CAL,Manizales,SKMZ,MZL,MZL,"5.0296, -75.4647"
44604,SKNC,small_airport,Necocli Airport,19.0,SA,CO,CO-ANT,Necocli,SKNC,NCI,NCI,"8.45, -76.7833"
44605,SKNQ,small_airport,Reyes Murillo Airport,12.0,SA,CO,CO-CHO,Nuquí,SKNQ,NQU,NQU,"5.6964, -77.2806"
44606,SKNV,medium_airport,Benito Salas Airport,1464.0,SA,CO,CO-HUI,Neiva,SKNV,NVA,NVA,"2.95015, -75.294"
44607,SKOC,medium_airport,Aguas Claras Airport,3850.0,SA,CO,CO-NSA,Ocaña,SKOC,OCV,OCV,"8.31506, -73.3583"
44608,SKOE,small_airport,Orocue Airport,434.0,SA,CO,CO-CAS,Orocue,SKOE,ORC,ORC,"4.79222, -71.3564"
44614,SKPC,medium_airport,German Olano Airport,177.0,SA,CO,CO-VID,Puerto Carreño,SKPC,PCR,PCR,"6.18472, -67.4932"
44615,SKPD,medium_airport,Obando Airport,460.0,SA,CO,CO-GUA,Puerto Inírida,SKPD,PDA,PDA,"3.85353, -67.9062"
44616,SKPE,medium_airport,Matecaña International Airport,4416.0,SA,CO,CO-RIS,Pereira,SKPE,PEI,PEI,"4.81267, -75.7395"
44619,SKPL,small_airport,Plato Airport,69.0,SA,CO,CO-MAG,Plato,SKPL,PLT,PLT,"9.8, -74.7833"
44620,SKPN,small_airport,Puerto Nare Airport,476.0,SA,CO,CO-ANT,Armenia,SKPN,NAR,NAR,"6.21002, -74.5906"
44621,SKPP,medium_airport,Guillermo León Valencia Airport,5687.0,SA,CO,CO-CAU,Popayán,SKPP,PPN,PPN,"2.4544, -76.6093"
44622,SKPQ,medium_airport,German Olano Air Base,566.0,SA,CO,CO-CUN,La Dorada,SKPQ,PAL,PQE,"5.48361, -74.6574"
44623,SKPR,small_airport,Puerto Berrio Airport,445.0,SA,CO,CO-ANT,Puerto Berrio,SKPR,PBE,PBE,"6.46034, -74.4105"
44624,SKPS,medium_airport,Antonio Narino Airport,5951.0,SA,CO,CO-NAR,Pasto,SKPS,PSO,PSO,"1.39625, -77.2915"
44625,SKPV,medium_airport,El Embrujo Airport,10.0,SA,CO,CO-SAP,Providencia,SKPV,PVA,PVA,"13.3569, -81.3583"
44626,SKPZ,medium_airport,Paz De Ariporo Airport,900.0,SA,CO,CO-CAS,Paz De Ariporo,SKPZ,PZA,PZA,"5.87615, -71.8866"
44627,SKQU,medium_airport,Mariquita Airport,1531.0,SA,CO,CO-TOL,Mariquita,SKQU,MQU,MQU,"5.21256, -74.8836"
44628,SKRG,medium_airport,Jose Maria Córdova International Airport,6955.0,SA,CO,CO-ANT,Medellín,SKRG,MDE,MDE,"6.16454, -75.4231"
44629,SKRH,medium_airport,Almirante Padilla Airport,43.0,SA,CO,CO-LAG,Riohacha,SKRH,RCH,RCH,"11.5262, -72.926"
44630,SKSA,small_airport,Los Colonizadores Airport,680.0,SA,CO,CO-ARA,Saravena,SKSA,RVE,SRV,"6.951868, -71.857179"
44634,SKSJ,medium_airport,Jorge E. Gonzalez Torres Airport,605.0,SA,CO,CO-GUV,San José Del Guaviare,SKSJ,SJE,SJE,"2.57969, -72.6394"
44636,SKSM,medium_airport,Simón Bolívar International Airport,22.0,SA,CO,CO-MAG,Santa Marta,SKSM,SMR,SMR,"11.1196, -74.2306"
44637,SKSO,small_airport,Alberto Lleras Camargo Airport,8155.0,SA,CO,CO-BOY,Sogamoso,SKSO,SOX,SOX,"5.67732, -72.9703"
44638,SKSP,medium_airport,Gustavo Rojas Pinilla International Airport,19.0,SA,CO,CO-SAP,San Andrés,SKSP,ADZ,ADZ,"12.5836, -81.7112"
44640,SKSV,medium_airport,Eduardo Falla Solano Airport,920.0,SA,CO,CO-CAQ,San Vicente Del Caguán,SKSV,SVI,SVI,"2.15217, -74.7663"
44641,SKTB,small_airport,Tibú Airport,194.0,SA,CO,CO-NSA,Tibú,SKTB,TIB,TBU,"8.63152, -72.7304"
44642,SKTD,small_airport,Trinidad Airport,649.0,SA,CO,CO-CAS,Trinidad,SKTD,TDA,TDA,"5.43278, -71.6625"
44645,SKTL,small_airport,Golfo de Morrosquillo Airport,16.0,SA,CO,CO-SUC,Tolú,SKTL,TLU,TLU,"9.50945, -75.5854"
44646,SKTM,medium_airport,Gustavo Vargas Airport,1050.0,SA,CO,CO-ARA,Tame,SKTM,TME,TME,"6.45108, -71.7603"
44647,SKTQ,medium_airport,Tres Esquinas Air Base,585.0,SA,CO,CO-CAQ,Tres Esquinas,SKTQ,TQS,TQS,"0.7459, -75.234"
44648,SKTU,small_airport,Gonzalo Mejía Airport,6.0,SA,CO,CO-ANT,Turbo,SKTU,TRB,TRB,"8.07453, -76.7415"
44650,SKUC,medium_airport,Santiago Perez Airport,420.0,SA,CO,CO-ARA,Arauca,SKUC,AUC,AUC,"7.06888, -70.7369"
44651,SKUI,medium_airport,El Caraño Airport,204.0,SA,CO,CO-CHO,Quibdó,SKUI,UIB,UIB,"5.69076, -76.6412"
44652,SKUL,medium_airport,Heriberto Gíl Martínez Airport,3132.0,SA,CO,CO-VAC,Tuluá,SKUL,ULQ,ULQ,"4.08836, -76.2351"
44653,SKUR,small_airport,Urrao Airport,6090.0,SA,CO,CO-ANT,Urrao,SKUR,URR,URR,"6.32883, -76.1425"
44654,SKVG,small_airport,Villa Garzón Airport,1248.0,SA,CO,CO-PUT,Villa Garzón,SKVG,VGZ,VGZ,"0.978767, -76.6056"
44657,SKVP,medium_airport,Alfonso López Pumarejo Airport,483.0,SA,CO,CO-CES,Valledupar,SKVP,VUP,VUP,"10.435, -73.2495"
44658,SKVV,medium_airport,Vanguardia Airport,1394.0,SA,CO,CO-MET,Villavicencio,SKVV,VVC,VVC,"4.16787, -73.6138"
44659,SKYA,small_airport,Yaguara Airport,812.0,SA,CO,CO-CAQ,San Vicente Del Caguán,SKYA,AYG,AYG,"1.54417, -73.9333"
44660,SKYP,medium_airport,El Yopal Airport,1028.0,SA,CO,CO-CAS,El Yopal,SKYP,EYP,EYP,"5.31911, -72.384"
44863,SMH,small_airport,Sapmanga Airport,2912.0,OC,PG,PG-MPL,Sapmanga,AYSP,SMH,SAG,"-6.075277777779999, 146.811111111"
44999,SNAL,small_airport,Arapiraca Airport,886.0,SA,BR,BR-AL,Arapiraca,SNAL,APQ,SNAL,"-9.775360107421875, -36.62919998168945"
45005,SNAR,small_airport,Cirilo Queiróz Airport,640.0,SA,BR,BR-MG,Almenara,SNAR,AMJ,SNAR,"-16.18389, -40.66722"
45011,SNAX,small_airport,Marcelo Pires Halzhausen Airport,1850.0,SA,BR,BR-SP,Assis,SNAX,AIF,SNAX,"-22.64, -50.453056"
45024,SNBL,small_airport,Belmonte Airport,33.0,SA,BR,BR-BA,Belmonte,SNBL,BVM,SNBL,"-15.871700286865234, -38.87189865112305"
45030,SNBR,small_airport,Barreiras Airport,2447.0,SA,BR,BR-BA,Barreiras,SNBR,BRA,SNBR,"-12.078900337219238, -45.00899887084961"
45031,SNBS,small_airport,Balsas Airport,930.0,SA,BR,BR-MA,Balsas,SNBS,BSS,SNBS,"-7.52603006362915, -46.05329895019531"
45033,SNBU,small_airport,Sócrates Mariani Bittencourt Airport,1673.0,SA,BR,BR-BA,Brumado,SNBU,BMS,SNBU,"-14.255399703979492, -41.817501068115234"
45036,SNBX,small_airport,Barra Airport,1345.0,SA,BR,BR-BA,Barra,SNBX,BQQ,SNBX,"-11.08080005645752, -43.147499084472656"
45060,SNCX,small_airport,Colatina Airport,492.0,SA,BR,BR-ES,Colatina,SNCX,QCH,SNCX,"-19.48699951171875, -40.57939910888672"
45064,SNDC,small_airport,Redenção Airport,670.0,SA,BR,BR-PA,Redenção,SNDC,RDC,SNDC,"-8.033289909362793, -49.97990036010742"
45081,SNDV,small_airport,Brigadeiro Cabral Airport,2608.0,SA,BR,BR-MG,Divinópolis,SNDV,DIQ,SNDV,"-20.180700302124, -44.870899200439"
45089,SNED,small_airport,Sócrates Rezende Airport,19.0,SA,BR,BR-BA,Canavieiras,SNED,CNV,SNED,"-15.666999816895, -38.954700469971"
45133,SNFX,small_airport,São Félix do Xingu Airport,656.0,SA,BR,BR-PA,São Félix Do Xingu,SNFX,SXX,SNFX,"-6.6413, -51.9523"
45136,SNGA,small_airport,Guarapari Airport,28.0,SA,BR,BR-ES,Guarapari,SNGA,GUZ,SNGA,"-20.646499633800005, -40.491901397700005"
45144,SNGI,small_airport,Guanambi Airport,1815.0,SA,BR,BR-BA,Guanambi,SNGI,GNM,SNGI,"-14.208200454711914, -42.74610137939453"
45149,SNGN,small_airport,Garanhuns Airport,2533.0,SA,BR,BR-PE,Garanhuns,SNGN,QGP,SNGN,"-8.834280014038086, -36.47159957885742"
45186,SNIC,small_airport,Irecê Airport,2561.0,SA,BR,BR-BA,Irecê,SNIC,IRE,SNIC,"-11.339900016784668, -41.84700012207031"
45190,SNIG,small_airport,Iguatu Airport,699.0,SA,BR,BR-CE,Iguatu,SNIG,QIG,SNIG,"-6.346640110015869, -39.293800354003906"
45198,SNIP,small_airport,Itapetinga Airport,915.0,SA,BR,BR-BA,Itapetinga,SNIP,QIT,SNIP,"-15.244500160217285, -40.277198791503906"
45203,SNIU,small_airport,Ipiaú Airport,492.0,SA,BR,BR-BA,Ipiaú,SNIU,IPU,SNIU,"-14.133889198303223, -39.733890533447266"
45209,SNJB,small_airport,Jacobina Airport,1640.0,SA,BR,BR-BA,Jacobina,SNJB,JCM,SNJB,"-11.163200378417969, -40.5531005859375"
45217,SNJK,small_airport,Jequié Airport,646.0,SA,BR,BR-BA,Jequié,SNJK,JEQ,SNJK,"-13.877699851989746, -40.07160186767578"
45220,SNJN,small_airport,Januária Airport,1575.0,SA,BR,BR-MG,Januária,SNJN,JNA,SNJN,"-15.473799705505371, -44.385501861572266"
45224,SNJR,small_airport,Prefeito Octávio de Almeida Neves Airport,3117.0,SA,BR,BR-MG,São João Del Rei,SNJR,JDR,SNJR,"-21.0849990845, -44.2247238159"
45236,SNKE,small_airport,Santana do Araguaia Airport,597.0,SA,BR,BR-PA,Santana Do Araguaia,SNKE,CMP,SNKE,"-9.31997013092041, -50.32849884033203"
45240,SNKI,small_airport,Cachoeiro do Itapemirim Airport,335.0,SA,BR,BR-ES,Cachoeiro Do Itapemirim,SNKI,CDI,SNKI,"-20.834299087499996, -41.1856002808"
45271,SNLO,small_airport,São Lourenço Airport,2871.0,SA,BR,BR-MG,São Lourenço,SNLO,SSO,SNLO,"-22.090900421142578, -45.044498443603516"
45282,SNMA,small_airport,Monte Alegre Airport,325.0,SA,BR,BR-PA,Monte Alegre,SNMA,MTE,SNMA,"-1.9958000183105469, -54.07419967651367"
45301,SNMU,small_airport,Mucuri Airport,276.0,SA,BR,BR-BA,Mucuri,SNMU,MVS,SNMU,"-18.048900604248047, -39.864200592041016"
45304,SNMX,small_airport,São Mateus Airport,98.0,SA,BR,BR-ES,São Mateus,SNMX,SBJ,SNMX,"-18.72130012512207, -39.83369827270508"
45305,SNMZ,small_airport,Porto de Moz Airport,53.0,SA,BR,BR-PA,Porto De Moz,SNMZ,PTQ,SNMZ,"-1.7414499521255493, -52.23609924316406"
45324,SNNU,small_airport,Nanuque Airport,591.0,SA,BR,BR-MG,Nanuque,SNNU,NNU,SNNU,"-17.823299407958984, -40.329898834228516"
45346,SNOS,small_airport,Municipal José Figueiredo Airport,2697.0,SA,BR,BR-MG,Passos,SNOS,PSW,SNOS,"-20.732200622558594, -46.661800384521484"
45351,SNOX,small_airport,Oriximiná Airport,262.0,SA,BR,BR-PA,Oriximiná,SNOX,ORX,SNOX,"-1.7140799760818481, -55.83620071411133"
45356,SNPC,small_airport,Picos Airport,1050.0,SA,BR,BR-PI,Picos,SNPC,PCS,SNPC,"-7.0620598793029785, -41.52370071411133"
45357,SNPD,small_airport,Patos de Minas Airport,2793.0,SA,BR,BR-MG,Patos De Minas,SNPD,POJ,SNPD,"-18.672800064086914, -46.4911994934082"
45377,SNPX,small_airport,Pirapora Airport,1808.0,SA,BR,BR-MG,Pirapora,SNPX,PIV,SNPX,"-17.3169002532959, -44.86029815673828"
45387,SNQG,small_airport,Cangapara Airport,689.0,SA,BR,BR-PI,Floriano,SNQG,FLB,SNQG,"-6.8463897705078125, -43.077301025390625"
45410,SNRD,small_airport,Prado Airport,66.0,SA,BR,BR-BA,Prado,SNRD,PDF,SNRD,"-17.29669952392578, -39.27119827270508"
45426,SNRU,small_airport,Caruaru Airport,1891.0,SA,BR,BR-PE,Caruaru,SNRU,CAU,SNRU,"-8.282389640808105, -36.01350021362305"
45454,SNSW,small_airport,Soure Airport,43.0,SA,BR,BR-PA,Soure,SNSW,SFK,SNSW,"-0.6994310021400452, -48.520999908447266"
45463,SNTF,small_airport,9 de Maio - Teixeira de Freitas Airport,344.0,SA,BR,BR-BA,Teixeira De Freitas,SNTF,TXF,SNTF,"-17.524499893188, -39.66849899292"
45466,SNTI,small_airport,Óbidos Airport,328.0,SA,BR,BR-PA,Óbidos,SNTI,OBI,SNTI,"-1.867169976234436, -55.514400482177734"
45471,SNTO,small_airport,Juscelino Kubitscheck Airport,1572.0,SA,BR,BR-MG,Teófilo Otoni,SNTO,TFL,SNTO,"-17.89229965209961, -41.51359939575195"
45506,SNVB,small_airport,Valença Airport,21.0,SA,BR,BR-BA,Valença,SNVB,VAL,SNVB,"-13.2965, -38.992401"
45522,SNVS,small_airport,Breves Airport,98.0,SA,BR,BR-PA,Breves,SNVS,BVS,SNVS,"-1.6365300416946411, -50.443599700927734"
45582,SNYE,small_airport,Pinheiro Airport,125.0,SA,BR,BR-MA,Pinheiro,SNYE,PHI,SNYE,"-2.4836111068725586, -45.067222595214844"
45604,SNZA,small_airport,Pouso Alegre Airport,2904.0,SA,BR,BR-MG,Pouso Alegre,SNZA,PPY,SNZA,"-22.289199829101562, -45.91910171508789"
45809,SQT,small_airport,China Strait Airstrip,10.0,OC,PG,PG-MBA,Samarai Island,AYCS,SQT,CHS,"-10.5627777778, 150.690694444"
45855,SSAP,small_airport,Captain João Busse Airport,2641.0,SA,BR,BR-PR,Apucarana,SSAP,APU,SSAP,"-23.609501, -51.384499"
45873,SSBL,small_airport,Blumenau Airport,60.0,SA,BR,BR-SC,Blumenau,SSBL,BNU,SSBL,"-26.83060073852539, -49.090301513671875"
45896,SSCK,small_airport,Concórdia Airport,2461.0,SA,BR,BR-SC,Concórdia,SSCK,CCI,SSCK,"-27.180599212646484, -52.05270004272461"
45899,SSCN,small_airport,Canela Airport,2723.0,SA,BR,BR-RS,Canela,SSCN,QCN,SSCN,"-29.37019920349121, -50.832000732421875"
45901,SSCP,small_airport,Cornélio Procópio Airport,1854.0,SA,BR,BR-PR,Cornélio Procópio,SSCP,CKO,SSCP,"-23.15250015258789, -50.602500915527344"
45925,SSDO,small_airport,Dourados Airport,1503.0,SA,BR,BR-MS,Dourados,SBDO,DOU,SBDO,"-22.2019, -54.926601"
45952,SSER,small_airport,Erechim Airport,2498.0,SA,BR,BR-RS,Erechim,SSER,ERM,SSER,"-27.66189956665039, -52.2682991027832"
45962,SSFB,small_airport,Francisco Beltrão Airport,2100.0,SA,BR,BR-PR,Francisco Beltrão,SSFB,FBE,SSFB,"-26.059200286865234, -53.063499450683594"
46008,SSGY,small_airport,Guaíra Airport,889.0,SA,BR,BR-PR,Guaíra,SSGY,QGA,SSGY,"-24.081100463867188, -54.19169998168945"
46032,SSHZ,small_airport,Walter Bündchen Airport,1063.0,SA,BR,BR-RS,Horizontina,SSHZ,HRZ,SSHZ,"-27.638299942, -54.339099884"
46041,SSIJ,small_airport,Ijuí Airport,1197.0,SA,BR,BR-RS,Ijuí,SSIJ,IJU,SSIJ,"-28.36870002746582, -53.84659957885742"
46055,SSJA,small_airport,Santa Terezinha Airport,2546.0,SA,BR,BR-SC,Joaçaba,SSJA,JCB,SSJA,"-27.1714000702, -51.5532989502"
46092,SSKM,small_airport,Campo Mourão Airport,1854.0,SA,BR,BR-PR,Campo Mourão,SSKM,CBW,SSKM,"-24.009199142499998, -52.3568000793"
46098,SSKS,small_airport,Cachoeira do Sul Airport,253.0,SA,BR,BR-RS,Cachoeira Do Sul,SSKS,QDB,SSKS,"-30.00189971923828, -52.940799713134766"
46118,SSLN,small_airport,Helmuth Baungarten Airport,1095.0,SA,BR,BR-SC,Lontras,SSLN,LOI,SSLN,"-27.159999847399998, -49.5424995422"
46124,SSLT,small_airport,Alegrete Novo Airport,459.0,SA,BR,BR-RS,Alegrete,SSLT,ALQ,SSLT,"-29.812700271599997, -55.8933982849"
46180,SSOE,small_airport,São Miguel do Oeste Airport,2180.0,SA,BR,BR-SC,São Miguel Do Oeste,SSOE,SQX,SSOE,"-26.781600952148438, -53.503501892089844"
46182,SSOG,small_airport,Arapongas Airport,2599.0,SA,BR,BR-PR,Arapongas,SSOG,APX,SSOG,"-23.3529, -51.491699"
46202,SSPB,small_airport,Juvenal Loureiro Cardoso Airport,2697.0,SA,BR,BR-PR,Pato Branco,SBPO,PTO,PR0018,"-26.217184, -52.694463"
46207,SSPG,small_airport,Paranaguá Airport,16.0,SA,BR,BR-PR,Paranaguá,SSPG,PNG,SSPG,"-25.54010009765625, -48.53120040893555"
46208,SSPI,small_airport,Paranavaí Airport,1526.0,SA,BR,BR-PR,Paranavaí,SSPI,PVI,SSPI,"-23.08989906311035, -52.48849868774414"
46213,SSPN,small_airport,Paranaíba Airport,1446.0,SA,BR,BR-MS,Paranaíba,SSPN,PBB,SSPN,"-19.651199340820312, -51.19940185546875"
46274,SSSB,small_airport,São Borja Airport,246.0,SA,BR,BR-RS,São Borja,SSSB,QOJ,SSSB,"-28.65489959716797, -56.03459930419922"
46275,SSSC,small_airport,Santa Cruz do Sul Airport,646.0,SA,BR,BR-RS,Santa Cruz Do Sul,SSSC,CSU,SSSC,"-29.684099197387695, -52.412200927734375"
46322,SSUM,small_airport,Umuarama Airport,1558.0,SA,BR,BR-PR,Umuarama,SSUM,UMU,SSUM,"-23.7987003326416, -53.31380081176758"
46343,SSVI,small_airport,Videira Airport,2756.0,SA,BR,BR-SC,Videira,SSVI,VIA,SSVI,"-26.99970054626465, -51.14189910888672"
46411,SSYA,small_airport,Arapoti Airport,2641.0,SA,BR,BR-PR,Arapoti,SSYA,AAG,SSYA,"-24.1039009094, -49.789100647"
46450,SSZR,small_airport,Santa Rosa Airport,984.0,SA,BR,BR-RS,Santa Rosa,SSZR,SRA,SSZR,"-27.9067, -54.520401"
46455,SSZW,medium_airport,Ponta Grossa Airport - Comandante Antonio Amilton Beraldo,2588.0,SA,BR,BR-PR,Ponta Grossa,SBPG,PGZ,SBPG,"-25.1847, -50.1441"
46910,SWBC,small_airport,Barcelos Airport,112.0,SA,BR,BR-AM,Barcelos,SWBC,BAZ,SWBC,"-0.981292, -62.919601"
46922,SWBR,small_airport,Borba Airport,293.0,SA,BR,BR-AM,Borba,SWBR,RBB,SWBR,"-4.4063401222229, -59.60240173339844"
46931,SWCA,small_airport,Carauari Airport,355.0,SA,BR,BR-AM,Carauari,SWCA,CAF,SWCA,"-4.871520042419434, -66.89749908447266"
46946,SWCQ,small_airport,Costa Marques Airport,555.0,SA,BR,BR-RO,Costa Marques,SWCQ,CQS,SWCQ,"-12.421099662780762, -64.25160217285156"
46964,SWDM,small_airport,Diamantino Airport,1476.0,SA,BR,BR-MT,Diamantino,SWDM,DMT,SWDM,"-14.376899719238281, -56.40039825439453"
46976,SWE,small_airport,Siwea Airport,5960.0,OC,PG,PG-MPL,Siwea,AYEW,SWE,SIW,"-6.284639, 147.580833"
46983,SWEI,small_airport,Eirunepé Airport,412.0,SA,BR,BR-AM,Eirunepé,SWEI,ERN,SWEI,"-6.639530181884766, -69.87979888916016"
47021,SWFX,small_airport,São Félix do Araguaia Airport,650.0,SA,BR,BR-MT,São Félix Do Araguaia,SWFX,SXO,SWFX,"-11.632399559020996, -50.68960189819336"
47024,SWG,small_airport,Satwag Airport,4185.0,OC,PG,PG-MPL,Satwag,AYSW,SWG,SWG,"-6.13955555556, 147.279166667"
47031,SWGI,small_airport,Gurupi Airport,1148.0,SA,BR,BR-TO,Gurupi,SWGI,GRP,SWGI,"-11.73960018157959, -49.132198333740234"
47036,SWGN,medium_airport,Araguaína Airport,771.0,SA,BR,BR-TO,Araguaína,SWGN,AUX,SWGN,"-7.22787, -48.240501"
47061,SWHT,small_airport,Humaitá Airport,230.0,SA,BR,BR-AM,Humaitá,SWHT,HUW,SWHT,"-7.532120227810001, -63.072101593"
47070,SWII,small_airport,Ipiranga Airport,131.0,SA,BR,BR-AM,Santo Antônio Do Içá,SWII,IPG,SWII,"-2.939069986343384, -69.69400024414062"
47083,SWIY,small_airport,Santa Izabel do Morro Airport,647.0,SA,BR,BR-TO,Cristalândia,SWIY,IDO,SWIY,"-11.57229995727539, -50.66619873046875"
47105,SWJW,small_airport,Jataí Airport,2529.0,SA,BR,BR-GO,Jataí,SWJW,JTI,SWJW,"-17.8299007416, -51.7729988098"
47111,SWKC,small_airport,Cáceres Airport,492.0,SA,BR,BR-MT,Cáceres,SWKC,CCX,SWKC,"-16.04360008239746, -57.62990188598633"
47119,SWKO,small_airport,Coari Airport,131.0,SA,BR,BR-AM,Coari,SWKO,CIZ,SWKO,"-4.134059906005859, -63.132598876953125"
47123,SWKT,small_airport,Catalão Airport,2612.0,SA,BR,BR-GO,Catalão,SWKT,TLZ,SWKT,"-18.216800689697266, -47.89970016479492"
47130,SWLB,small_airport,Lábrea Airport,190.0,SA,BR,BR-AM,Lábrea,SWLB,LBR,SWLB,"-7.278969764709473, -64.76950073242188"
47131,SWLC,small_airport,General Leite de Castro Airport,2464.0,SA,BR,BR-GO,Rio Verde,SWLC,RVD,SWLC,"-17.8347225189209, -50.956111907958984"
47165,SWMW,small_airport,Maués Airport,69.0,SA,BR,BR-AM,Maués,SWMW,MBZ,SWMW,"-3.37217, -57.7248"
47169,SWNA,small_airport,Novo Aripuanã Airport,118.0,SA,BR,BR-AM,Novo Aripuanã,SWNA,NVP,SWNA,"-5.118030071258545, -60.364898681640625"
47179,SWNK,small_airport,Novo Campo Airport,394.0,SA,BR,BR-AM,Boca do Acre,SWNK,BCR,SWNK,"-8.83456, -67.312401"
47185,SWNQ,small_airport,Niquelândia Airport,2756.0,SA,BR,BR-GO,Niquelândia,SWNQ,NQL,SWNQ,"-14.434900283813477, -48.49150085449219"
47187,SWNS,small_airport,Anápolis Airport,3648.0,SA,BR,BR-GO,Anápolis,SWNS,APS,SWNS,"-16.3623008728, -48.9271011353"
47196,SWOB,small_airport,Fonte Boa Airport,207.0,SA,BR,BR-AM,Fonte Boa,SWOB,FBA,SWOB,"-2.5326099395800004, -66.0831985474"
47225,SWPG,small_airport,Porto dos Gaúchos Airport,1312.0,SA,BR,BR-MT,Porto Dos Gaúchos,SWPG,PBV,SWPG,"-11.5404, -57.3782"
47227,SWPI,small_airport,Parintins Airport,87.0,SA,BR,BR-AM,Parintins,SWPI,PIN,SWPI,"-2.6730198860168457, -56.777198791503906"
47231,SWPM,small_airport,Pimenta Bueno Airport,682.0,SA,BR,BR-RO,Pimenta Bueno,SWPM,PBQ,SWPM,"-11.641599655151367, -61.179100036621094"
47267,SWR,small_airport,Silur Airport,217.0,OC,PG,PG-NIK,Silur Mission,AYZI,SWR,SLR,"-4.5298888888899995, 153.054444444"
47271,SWRD,small_airport,Maestro Marinho Franco Airport,1467.0,SA,BR,BR-MT,Rondonópolis,SBRD,ROO,SBRD,"-16.586, -54.7248"
47282,SWRP,small_airport,Aripuanã Airport,623.0,SA,BR,BR-MT,Aripuanã,SSOU,AIR,SSOU,"-10.188278, -59.457273"
47301,SWSI,small_airport,Presidente João Batista Figueiredo Airport,1227.0,SA,BR,BR-MT,Sinop,SBSI,OPS,MT0002,"-11.885001, -55.586109"
47336,SWTS,small_airport,Tangará da Serra Airport,1460.0,SA,BR,BR-MT,Tangará Da Serra,SWTS,TGQ,SWTS,"-14.661999702500001, -57.4435005188"
47338,SWTU,small_airport,Fazenda Tucunaré Airport,1814.0,SA,BR,BR-MT,Sapezal,SWTU,AZL,SWTU,"-13.4655278136, -58.866934776300006"
47343,SWUA,small_airport,São Miguel do Araguaia Airport,1249.0,SA,BR,BR-GO,São Miguel Do Araguaia,SWUA,SQM,SWUA,"-13.331299781799316, -50.197601318359375"
47367,SWVB,small_airport,Vila Bela da Santíssima Trindade Airport,660.0,SA,BR,BR-MT,Vila Bela Da Santíssima Trindade,SWVB,MTG,SWVB,"-14.9942, -59.9458"
47491,SXH,small_airport,Sehulea Airport,30.0,OC,PG,PG-MBA,Sehulea,AYSL,SXH,SEH,"-9.96452777778, 151.161861111"
47505,SYCJ,medium_airport,Cheddi Jagan International Airport,95.0,SA,GY,GY-DE,Georgetown,SYCJ,GEO,SYGT,"6.498549938201904, -58.25410079956055"
47668,TBE,small_airport,Timbunke Airport,24.0,OC,PG,PG-ESW,Timbunke,AYTV,TBE,TIM,"-4.196633, 143.519222"
47671,TBQ,small_airport,Tarabo Airport,6100.0,OC,PG,PG-EHG,Tarabo,AYTR,TBQ,TRB,"-6.46666666667, 145.532222222"
47673,TCK,small_airport,Tinboli Airport,59.0,OC,PG,PG-ESW,Tinboli,AYYL,TCK,TOI,"-4.0949, 143.3838"
47688,TDB,small_airport,Tetebedi Airport,3365.0,OC,PG,PG-NPP,Tetebedi,AYTF,TDB,TEB,"-9.1586, 148.0686"
47792,TEO,small_airport,Terapo Airport,15.0,OC,PG,PG-GPK,Terapo Mission,AYTY,TEO,TPO,"-8.16972222222, 146.194444444"
47795,TFB,small_airport,Tifalmin Airport,4735.0,OC,PG,PG-SAN,Tifalmin,AYTH,TFB,TFM,"-5.1173, 141.419"
47806,TGL,small_airport,Tagula Airport,59.0,OC,PG,PG-MBA,Sudest Island,AYTG,TGL,TAG,"-11.3311111111, 153.202916667"
47843,TLP,small_airport,Tumolbil Airport,3590.0,OC,PG,PG-SAN,Tumolbil,AYQL,TLP,TUM,"-4.7748, 141.0133"
47860,TN-0002,large_airport,Enfidha - Hammamet International Airport,21.0,AF,TN,TN-51,Enfidha,DTNH,NBE,DTNH,"36.075833, 10.438611"
47994,TR-0025,small_airport,Ordu Giresun Airport,11.0,AS,TR,TR-52,Ordu,LTCB,OGU,OGU,"40.966047, 38.080994"
48607,UAFL,medium_airport,Issyk-Kul International Airport,5425.0,AS,KG,KG-Y,Tamchy,UCFL,IKU,IKU,"42.58792, 76.713046"
48646,UBI,small_airport,Buin Airport,230.0,OC,PG,PG-NSB,Buin,AYUI,UBI,BUIN,"-6.72916666667, 155.683333333"
50655,VA1G,medium_airport,"Rewa Airport, Chorhata, REWA",1000.0,AS,IN,IN-MP,Rewa,VA1G,REW,VA1G,"24.503401, 81.220299"
50663,VA1P,small_airport,Diu Airport,31.0,AS,IN,IN-GJ,Diu,VA1P,DIU,VA1P,"20.71310043334961, 70.92109680175781"
50788,VCCN,small_airport,Katukurunda Air Force Base,10.0,AS,LK,LK-1,Kalutara,VCCN,KTY,VC14,"6.55212020874, 79.9775009155"
51364,VRMG,medium_airport,Gan International Airport,6.0,AS,MV,MV-01,Gan,VRMG,GAN,MV,"-0.693342, 73.155602"
51686,WA44,small_airport,Maranggo Airport,169.0,AS,ID,ID-SG,Waha-Tomea Island,WA44,TQQ,WA44,"-5.7645702362061, 123.91699981689"
51794,WALR,medium_airport,Juwata Airport,23.0,AS,ID,ID-KU,Tarakan Island,WAQQ,TRK,TRK,"3.326667, 117.569444"
51797,WALV,small_airport,Bunyu Airport,118.0,AS,ID,ID-KU,Bunju Island,WALV,BYQ,WA1C,"3.45571994781, 117.866996765"
51854,WART,small_airport,Trunojoyo Airport,10.0,AS,ID,ID-JI,Sumenep-Madura Island,WART,SUP,TRJ,"-7.0242, 113.89023"
51884,WBC,small_airport,Wapolu Airport,45.0,OC,PG,PG-MBA,Wapolu,AYWJ,WBC,WPL,"-9.3376, 150.5093"
51952,WI1A,small_airport,Nusawiru Airport,16.0,AS,ID,ID-JB,Cijulang,WICN,CJN,WI1A,"-7.719895, 108.488995"
52049,WICD,small_airport,Penggung Airport,89.0,AS,ID,ID-JB,Cirebon-Java Island,WICD,CBN,WIIC,"-6.756140232090001, 108.540000916"
52089,WIPI,small_airport,Muara Bungo Airport,214.0,AS,ID,ID-JA,Muara Bungo,WIPI,BUU,MRBMWS,"-1.1278, 102.135"
52250,WNU,small_airport,Wanuma Airport,2260.0,OC,PG,PG-MPM,Wanuma,AYWH,WNU,WUA,"-4.8961, 145.3213"
52368,WSA,small_airport,Wasua Airport,45.0,OC,PG,PG-WPD,Wasua,AYIW,WSA,WAA,"-8.2836, 142.8697"
52392,WTT,small_airport,Wantoat Airport,3900.0,OC,PG,PG-MPL,Wantoat,AYWC,WTT,WNT,"-6.1325, 146.467777778"
52393,WUV,small_airport,Wuvulu Island Airport,16.0,OC,PG,PG-MRL,Wuvulu Island,AYVW,WUV,WUV,"-1.73611111111, 142.836666667"
52652,XBN,small_airport,Biniguni Airport,215.0,OC,PG,PG-NPP,Biniguni,AYBZ,XBN,BNI,"-9.6425, 149.303888889"
53308,YESE,small_airport,Elrose Airport,645.0,OC,AU,AU-QLD,Elrose Mine,YESE,ERQ,YESE,"-20.9764, 141.0066"
53337,YFRV,small_airport,Oombulgurri Airport,22.0,OC,AU,AU-WA,Forrest River Mission,YFRV,FVR,YFRV,"-15.1647, 127.8401"
53386,YGLA,medium_airport,Gladstone Airport,64.0,OC,AU,AU-QLD,Gladstone,YGLA,GLT,4680,"-23.869699, 151.223007"
53465,YHPV,small_airport,Hope Vale Airport,228.0,OC,AU,AU-QLD,Hope Vale,YHPV,HPE,YHPV,"-15.2923, 145.1035"
53599,YKUR,small_airport,Kurundi Airport,1340.0,OC,AU,AU-NT,Kurundi Station,YKUR,KRD,YKUR,"-20.51, 134.6706"
53853,YMUI,small_airport,Murray Island Airport,300.0,OC,AU,AU-QLD,Murray Island,YMAE,MYI,YMUI,"-9.91666984558, 144.054992676"
53904,YNMN,small_airport,New Moon Airport,1099.0,OC,AU,AU-QLD,Basalt,YNMN,NMP,YNMN,"-19.2, 145.773"
53994,YPDA,small_airport,Parndana Airport,545.0,OC,AU,AU-SA,Kangaroo Island,YPDA,PDN,YPDA,"-35.807, 137.264"
54196,YSTI,seaplane_base,Stephens Island Seaplane Base,0.0,OC,AU,AU-QLD,Stephens Island,YSTI,STF,YSTI,"-9.51, 143.55"
54204,YSVP,small_airport,Silver Plains Airport,48.0,OC,AU,AU-QLD,Silver Plains,YSVP,SSP,YSVP,"-13.9754, 143.5537"
54816,ZEN,small_airport,Zenag Airport,3200.0,OC,PG,PG-MPL,Zenag,AYZA,ZEN,ZEN,"-6.9522222222200005, 146.61625"
